web-scraper-order,web-scraper-start-url,links,links-href,price,adresse,image-link-src,marque
"1738685288-1","https://dakarvente.com/index.php?page=annonces_categorie&id=8&sort=&nb=5","Location d'une citroen c4","https://www.dakarvente.com/annonce-437-location-d-une-citroen-c4.html","","","",""
"1738685304-2","https://dakarvente.com/index.php?page=annonces_categorie&id=8&sort=&nb=5","Sen service location loue des voiture des marques","https://www.dakarvente.com/annonce-702-sen-service-location-loue-des-voiture-des-marques.html","30.000  FCFA","Offre d'un professionnel à Plateau","media/annonces/pics/15ea8355bee0950e2b7f50a9ad50b086.jpg","Sen service location loue des voiture des marques a prix occationnelle

Nissan rogue ,hyundai santafe ,peugeot 308,totota yaris ,ford scape etc…"
"1738685314-3","https://dakarvente.com/index.php?page=annonces_categorie&id=8&sort=&nb=5","Nissan juke","https://www.dakarvente.com/annonce-1377-nissane-juke.html","50.000  FCFA","Offre d'un particulier à Plateau","","Location véhicule"
"1738685322-4","https://dakarvente.com/index.php?page=annonces_categorie&id=8&sort=&nb=5","Location de voiture cobalt","https://www.dakarvente.com/annonce-1302-location-de-voiture-cobalt.html","25.000  FCFA","Offre d'un particulier à Plateau","media/annonces/pics/b8beb78f2536162ef279fa99eb2c6e15.jpg","Pour vous déplacement à dakar et à l'intérieur du sénégal nous vous proposons des voitures berlin 4x4 pick up et mini bus. Plus d'infos au 776693312"
"1738685331-5","https://dakarvente.com/index.php?page=annonces_categorie&id=8&sort=&nb=5","loue voiture toutes marque à partir de 25 000 cfa","https://www.dakarvente.com/annonce-2301-loue-voiture-toutes-marque-partir-de-25-000-cfa.html","30.000  FCFA","Offre d'un particulier à Ouest Foire","media/annonces/pics/238760a28f9060a5d01fcf5ecd260e2a.png","loue voiture toutes marque à moindre prix"
"1738685338-6","https://dakarvente.com/index.php?page=annonces_categorie&id=8&sort=&nb=5","Location  nissan juke","https://www.dakarvente.com/annonce-1378-location-nissan-juke.html","","","",""
"1738685340-7","https://dakarvente.com/index.php?page=annonces_categorie&id=8&sort=&nb=5","Bateau à louer","https://www.dakarvente.com/annonce-3079-bateau-louer.html","","","",""
"1738685344-8","https://dakarvente.com/index.php?page=annonces_categorie&id=8&sort=&nb=5","ORGANISEUR POUR VOITURE","https://www.dakarvente.com/annonce-3352-organiseur-pour-voiture.html","","","",""
"1738685351-9","https://dakarvente.com/index.php?page=annonces_categorie&id=8&sort=&nb=5","Location véhicules","https://www.dakarvente.com/annonce-4687-location-vhicules-louer.html","25.000  FCFA","Offre d'un particulier à Amitié","media/annonces/pics/1ac9aec248070b20d0d0d3946f417174.jpeg","Voitures climatisés et comfortable à louer à partir de 25 mil la journée pour vos séjour à Dakar et dans les régions"
"1738685358-10","https://dakarvente.com/index.php?page=annonces_categorie&id=8&sort=&nb=5","Chevrolet Equinoxe à louer","https://www.dakarvente.com/annonce-4756-darou-rakhmane-trading-location-de-chevrolet-quinoxe.html","","Offre d'un particulier à Nord Foire","media/annonces/pics/6bf0b7a2e5e0675b57a4494a621a14dc.jpg","DAROU RAKHMANE TRADING LOUE DES VOITURES DE TOUTES MARQUES A DES PRIX IMBATTABLES"
"1738685364-11","https://dakarvente.com/index.php?page=annonces_categorie&id=8&sort=&nb=5","Location de Ford focus","https://www.dakarvente.com/annonce-4757-darou-rakhmane-trading-location-de-ford-focus.html","40.000  FCFA","Offre d'un particulier à Nord Foire","media/annonces/pics/f4610e2a44faba5ea20348be8ba5a2a1.jpg","DAROU RAKHMANE TRADING loue des voitures de toutes marques à des prix bas"
"1738685372-12","https://dakarvente.com/index.php?page=annonces_categorie&id=8&sort=&nb=5","DAROU RAKHMANE TRADING location de voiture","https://www.dakarvente.com/annonce-4877-darou-rakhmane-trading-location-de-voiture.html","","Offre d'un particulier à Nord Foire","media/annonces/pics/463970366b8932f017e800c2d0766bb5.jpg","DAROU RAKHMANE TRADING  loue des Voitures de toute marque à des prix bas"
"1738685381-13","https://dakarvente.com/index.php?page=annonces_categorie&id=8&sort=&nb=5","4 x 4 Renault Dacia Duster à louer","https://www.dakarvente.com/annonce-4939-4-x-4-renault-dacia-duster-a-louer.html","30.000  FCFA","Offre d'un particulier à Somone","media/annonces/pics/8aee50931178b4da412eddb89eea6e94.jpg","4 x 4 Renault Dacia Duster A louer



30 000 CFA a journee, soit 46 euros.



tel.77 057 30 43 ou 77 455 63 18"
"1738685393-14","https://dakarvente.com/index.php?page=annonces_categorie&id=8&sort=&nb=5","Subaru legacy limited","https://www.dakarvente.com/annonce-5219-subaru-legacy-limited.html","35.000  FCFA","Offre d'un particulier à Liberté 6","media/annonces/pics/04703456943d79c028e0695b1865c1f2.jpg","SUBARU LEGACY LIMITED Sport PKG-AWD-CUIR-

Année 2012 Venant des USA automatique, Essence, 4 Cylindres, toit ouvrant, téléphone intégré, Bluetooth clé USB full option

-Trés Propre  

Minimum 03 jours et les longues durées . Prix dégressif"
"1738685408-15","https://dakarvente.com/index.php?page=annonces_categorie&id=8&sort=&nb=5","VENTE DE VOITURES","https://www.dakarvente.com/annonce-5313-vente-de-voitures.html","","Offre d'un particulier à Point E","media/annonces/pics/0202bca751d63fde1fab79a4ce8c77a1.jpg","vente de voiture toutes les marques sont disponibles.

Plus d'infos contactez nous"
"1738685416-16","https://dakarvente.com/index.php?page=annonces_categorie&id=8&sort=&nb=5","Location de voitures toutes marques","https://www.dakarvente.com/annonce-5637-l-occasion-de-voiture-tout-marque.html","","Offre d'un particulier à Grand Dakar","media/annonces/pics/2c6d62fc48f2fdff40d293c6a404d6a9.jpg","Location de voitures toutes marques disponible chez ndiaye service"
"1738685426-17","https://dakarvente.com/index.php?page=annonces_categorie&id=8&sort=&nb=5","location de voiture","https://www.dakarvente.com/annonce-5671-location-de-voiture.html","","Offre d'un particulier à Point E","media/annonces/pics/03873d968751937dd0b6f20804410f2b.jpg","Location de voiture de toutes marques. plus d'infos, contacter taif multiservice."
"1738685436-18","https://dakarvente.com/index.php?page=annonces_categorie&id=8&sort=&nb=5","LOCATION VOITURE  DIESEL LUXUEUSE ET CLIMATISÉE","https://www.dakarvente.com/annonce-5907-location-voiture-diesel-luxueuse-et-climatise.html","35.000  FCFA","Offre d'un particulier à Dakar","media/annonces/pics/ced103919cdfd3208897cea2c04ec58c.jpeg","Pour vos séjours et déplacement à Dakar et dans les régions ,nous vous proposons des voitures diesels luxueuses et climatisées

35 m de l'aéroport Dakar avec le chauffeur à 35 000f/jour

Dans les régions à 50 000f/jour"
"1738685457-19","https://dakarvente.com/index.php?page=annonces_categorie&id=8&sort=&nb=5","Location Toyota Corolla 2006","https://www.dakarvente.com/annonce-8161-location-toyota-corolla-2006.html","1  FCFA","Offre d'un particulier à Point E","media/annonces/pics/a4e7295ada250b98cdb000398584f8b2.jpg","Location vente de voiture de toutes marques. 

Plus d'informations contactez nous"
"1738685465-20","https://dakarvente.com/index.php?page=annonces_categorie&id=8&sort=&nb=5","LOCATION DE VEHICULES","https://www.dakarvente.com/annonce-8296-location-de-vehicules.html","25.000  FCFA","Offre d'un particulier à Golf","media/annonces/pics/6be3ce251106e60820a84b53b8124812.jpg","Location FORD FOCUS 2012 essence, automatique, en très bon état. Nous avons également d'autres véhicules à des prix abordables. Pour plus de détails , nous vous prions de bien vouloir nous appeler. Merci!

NB: Le prix est négociable à partir de 10 jours."
"1738685474-21","https://dakarvente.com/index.php?page=annonces_categorie&id=8&sort=&nb=5","Location de voitures automatiques","https://www.dakarvente.com/annonce-8866-location-de-voitures-automatiques.html","30.000  FCFA","Offre d'un particulier à Biscuiterie","media/annonces/pics/d3ce551e6901cfa93733794e172d7417.jpeg","Location de voitures automatiques tout genre a partir de 30.000f: jour.

Contact Appel ou Whatsapp: 

782718278 ou 764823888."
"1738685484-22","https://dakarvente.com/index.php?page=annonces_categorie&id=8&sort=&nb=5","Location Citroën C4 avec chauffeur","https://www.dakarvente.com/annonce-9244-location-c4-avec-chauffeur.html","20.000  FCFA","Offre d'un particulier à Dakar","media/annonces/pics/6efef7fd13a7b03f1f2a55de2c46b5ff.jpeg","Location d'une Citroën C4 avec chauffeur."
"1738685511-23","https://dakarvente.com/index.php?page=annonces_categorie&id=8&sort=&nb=4","Location PICK UP L200","https://www.dakarvente.com/annonce-9392-location-pick-up-l200.html","30.000  FCFA","Offre d'un particulier à Dakar","media/annonces/pics/d3870e7cd63147e18b573d867888f32a.jpg","Bonjour, je loue ma L200 très propre en bon état avec un chauffeur respectueux, galant pour vos courses à un prix nul pas ailleurs; disponibilité immédiate, partout au sénégal."
"1738685517-24","https://dakarvente.com/index.php?page=annonces_categorie&id=8&sort=&nb=4","Location Ford Focus","https://www.dakarvente.com/annonce-9494-location-ford-focus.html","25.000  FCFA","Offre d'un particulier à Parcelles assainies","media/annonces/pics/83f66fde220622bf834c628664665ace.jpeg","Je loue un Ford Focus automatique essence disponible pour tout vos déplacements Dakar et hors Dakar"
"1738685527-25","https://dakarvente.com/index.php?page=annonces_categorie&id=8&sort=&nb=4","Ford Transit utilitaire Van R.A.S","https://www.dakarvente.com/annonce-9536-ford-transit-utilitaire-van-ras.html","3.800.000  FCFA","Offre d'un particulier à Dakar","media/annonces/pics/4181c7c4000153ee213588aa613044d8.jpg","✓Date d'immatriculation au Sénégal: 08/12/2016.

FORD Transit Van (Fourgonnette)

Boite Manuelle.

Carburant Diesel.

Année 2007

Cylindrée: 2402 Cm³

Nbre de Places: 03

PTAC: (Poids Total Autorisé en charge) 3,5 Tonnes.

PV (Poids à vide du véhicule): 1,943 Tonnes.

CU (Charge Utile) : 1,557 Tonnes.

Prix: À débattre..."
"1738685536-26","https://dakarvente.com/index.php?page=annonces_categorie&id=8&sort=&nb=4","Location voiture","https://www.dakarvente.com/annonce-9628-location-voiture.html","1  FCFA","Offre d'un particulier à Point E","media/annonces/pics/861fa614aaf58719664d5a9420320a77.jpg","Location vente de voiture de toutes marques. 

plus d'informations contactez nous"
"1738685545-27","https://dakarvente.com/index.php?page=annonces_categorie&id=8&sort=&nb=4","location d'une camionnette","https://www.dakarvente.com/annonce-9670-location-d-une-camionnette.html","60.000  FCFA","Offre d'un particulier à Dakar","media/annonces/pics/71f159ec68baa919a2931af6e821eb3c.jpg","location d'une camionnette Mitsubishi Canter  à 60 000 fr/jr avec chauffeur.

Poids 6 tonnes 

Convenable pour le transport de marchandises, meubles,..."
"1738685557-28","https://dakarvente.com/index.php?page=annonces_categorie&id=8&sort=&nb=4","Location Toyota Hiace High Roof","https://www.dakarvente.com/annonce-9722-location-toyota-hiace-high-roof.html","50.000  FCFA","Offre d'un particulier à Dakar","media/annonces/pics/46c969c80e17724a6d0399e1e94ef6ef.jpg","Bonjour je mets en Location ma voiture de marque Toyota HIACE modèle HIGH ROOF de 16 places avec chauffeur y compris, climatisée en très bon état comme sur la photo avec chauffeur bilingue pour vos excursions touristiques, déplacement à l’aéroport DAKAR - AIBD- DAKAR voire transfert de personnels. Propre bien entretenue.

Découverte touristique

Cérémonies

Publicité Mobile

Longue durée de préférence aussi le prix peut varier suivant la destination

Visibilité à Dakar avec WIFI à bord. Merci"
"1738685566-29","https://dakarvente.com/index.php?page=annonces_categorie&id=8&sort=&nb=4","Location de voiture","https://www.dakarvente.com/annonce-10567-location-de-voiture.html","","Offre d'un particulier à Dakar","media/annonces/pics/3ee330d5f03181485a3cea5833e69242.jpg","Location vente de voiture de toutes marques. 

plus d'informations contactez nous"
"1738685579-30","https://dakarvente.com/index.php?page=annonces_categorie&id=8&sort=&nb=4","Chambre meublée à louer","https://www.dakarvente.com/annonce-10575-chambre-meuble-louer.html","30.000  FCFA","Offre d'un particulier à Liberté 6","media/annonces/pics/dadf6b0582d4ace089af9ac77be24898.jpg","Chambre meublée climatisée à louer à liberté 6 extension

2chambres, salon, cuisine, salle de bain, wifi"
"1738685593-31","https://dakarvente.com/index.php?page=annonces_categorie&id=8&sort=&nb=4","Voiture à louer","https://www.dakarvente.com/annonce-10576-voiture-louer.html","30.000  FCFA","Offre d'un particulier à Liberté 6","media/annonces/pics/09d53647984c3d7f0b764258a2e97587.jpg","Hyundai elantra automatique à louer

Année : 2013

Carburant : essence

Clim et bluetooth"
"1738685620-32","https://dakarvente.com/index.php?page=annonces_categorie&id=8&sort=&nb=4","Location auto Toyota pickup 4X4","https://www.dakarvente.com/annonce-10844-location-auto-toyota-pickup-4x4.html","35.000  FCFA","Offre d'un particulier à Nord Foire","media/annonces/pics/b6eef12e28d39593f5a2837483abf41d.jpg","Service de location Toyota  L200 PICKUP double cabines en bon état."
"1738685637-33","https://dakarvente.com/index.php?page=annonces_categorie&id=8&sort=&nb=4","Voiture à louer","https://www.dakarvente.com/annonce-10857-voiture-louer.html","35.000  FCFA","Offre d'un particulier à Liberté 6","media/annonces/pics/cb2af9475592721e24c6bd8e23b26247.jpg","Ford Camry  automatique à louer à liberté 6 extension

Année : 2012

Carburant : essence

Climatiseur

Infos : 778287788/778125552

Conditions : 48h au minimum"
"1738685649-34","https://dakarvente.com/index.php?page=annonces_categorie&id=8&sort=&nb=4","Location véhicule + chauffeur","https://www.dakarvente.com/annonce-10977-location-vhicule-chauffeur.html","30.000  FCFA","Offre d'un particulier à Castors","media/annonces/pics/c85b445746abba358fa397ad3bbdde95.jpg","Location véhicule + chauffeur

Essence automatique"
"1738685659-35","https://dakarvente.com/index.php?page=annonces_categorie&id=8&sort=&nb=4","Location véhicule + chauffeur","https://www.dakarvente.com/annonce-10997-location-vhicule-chauffeur.html","30.000  FCFA","Offre d'un particulier à Castors","media/annonces/pics/50b558537b42d2d0b28e38ae40269c34.jpg","Location véhicule + chauffeur si vous le souhaitez.

Essence automatique"
"1738685670-36","https://dakarvente.com/index.php?page=annonces_categorie&id=8&sort=&nb=4","Location minibus Toyota Hiace 14 places","https://www.dakarvente.com/annonce-11119-location-minibus-toyota-hiace-14-places.html","50.000  FCFA","Offre d'un particulier à Yoff","media/annonces/pics/b07d34237b2718ac1eb59ab80101e1a9.jpg","Nous mettons en location des bus et minibus 14 et 12 places en location avec chauffeur professionnel pour vos déplacements à l’aéroport et partout au Sénégal . Svp veiller nous contacter pour plus de renseignements sur nos tarifs et conditions."
"1738685679-37","https://dakarvente.com/index.php?page=annonces_categorie&id=8&sort=&nb=4","location de voitures","https://www.dakarvente.com/annonce-11781-location-de-voitures.html","1  FCFA","Offre d'un particulier à Point E","media/annonces/pics/16f99acb79687cd246852ada73ba4923.jpg","Location et vente de voiture chez taif automobile 

nous avons plusieurs marques différentes des voitures de luxe très confortable.pour la location a nous couvrons inversement de dakar à diass à de très  bons prix ..."
"1738685685-38","https://dakarvente.com/index.php?page=annonces_categorie&id=8&sort=&nb=4","Location de voiture avec chauffeur","https://www.dakarvente.com/annonce-11866-location-de-voiture-avec-chauffeur.html","20.000  FCFA","Offre d'un particulier à Almadies","media/annonces/pics/5b40864ad382a50047d99be0f0f4e422.jpg","Bonjour! 

Nous vous offrons un service de Location de voiture avec chauffeur professionnel pour vos deplacements, ceremonies, navette Dkr-Aibd-Dkr."
"1738685693-39","https://dakarvente.com/index.php?page=annonces_categorie&id=8&sort=&nb=4","Location & vente de voiture","https://www.dakarvente.com/annonce-11923-location-vente-de-voiture.html","1  FCFA","Offre d'un particulier à Point E","media/annonces/pics/ab9bad02ee17f90c58479e4407eef6fc.jpg","Location et vente de voiture chez taif automobile 

nous avons plusieurs marques différentes des voitures de luxe très confortable.pour la location a nous couvrons inversement de dakar à diass à de très  bons prix ..."
"1738685707-40","https://dakarvente.com/index.php?page=annonces_categorie&id=8&sort=&nb=4","Ventes et locations de véhicules","https://www.dakarvente.com/annonce-12274-ventes-et-locations-de-vhicules.html","350.000  FCFA","Offre d'un particulier à Rufisque","media/annonces/pics/8834dcd95bb8e252ab1bbb11a0cd3287.jpeg","Salam nous mettons en locations des véhicules a tous vos goûts de marques (508 , Renault Duster )française comme américaine (Ford, Hyundai..)"
"1738685721-41","https://dakarvente.com/index.php?page=annonces_categorie&id=8&sort=&nb=4","Location de voitures","https://www.dakarvente.com/annonce-12327-location-de-voitures.html","22.500  FCFA","Offre d'un particulier à Grand Yoff","media/annonces/pics/e9abc0214190f1882243bcf619d249af.jpeg","Location de tous genres de voitures en longue durée LLD de berline suv 4x4 pick up et tout autres genres, avec ou sans chauffeur, possibilités de réduction pour longue durée. véhicules climatisées et confort garantie. contactez nous pour plus de renseignements tarification mensuelle trimestrielle ou annuelle disponible tarif variable selon la durée celui ci est à titre indicatif

joignable aussi par whatsapp"
"1738685729-42","https://dakarvente.com/index.php?page=annonces_categorie&id=8&sort=&nb=4","Location et vente de voiture","https://www.dakarvente.com/annonce-12439-location-et-vente-de-voiture.html","1  FCFA","Offre d'un particulier à Point E","media/annonces/pics/b40fa52e9a95b4b426399b8e9f4bd278.jpg","Location et vente de voiture chez taif automobile 

nous avons plusieurs marques différentes des voitures de luxe très confortable.pour la location a nous couvrons inversement de dakar à diass à de très  bons prix ."
"1738685737-43","https://dakarvente.com/index.php?page=annonces_categorie&id=8&sort=&nb=4","Location de voiture","https://www.dakarvente.com/annonce-12500-location-de-voiture.html","35.000  FCFA","Offre d'un particulier à Nord Foire","media/annonces/pics/c38aa787916e6cf5023248a00faac531.jpeg","location de voiture Hyundai Santa Fe  Essence  v4 très peu de consommation"
"1738685746-44","https://dakarvente.com/index.php?page=annonces_categorie&id=8&sort=&nb=4","Location Mercedes ML350 CDI 4Matic","https://www.dakarvente.com/annonce-12777-location-mercedes-ml350-cdi-4matic.html","45.000  FCFA","Offre d'un particulier à Almadies","media/annonces/pics/6c487fbd19015c29fd7dc9af436e9946.jpg","Tarifs location :



MB ML350 CDI Sport



Minimum 3 jours



Journée : 45.000f



Forfait week-end : 125.000f



Forfait semaine : 280.000f



Forfait mois : 1.050.000f



Age minimum 25 ans 

2 ans de permis minimum"
"1738685755-45","https://dakarvente.com/index.php?page=annonces_categorie&id=8&sort=&nb=4","Location/vente de voiture","https://www.dakarvente.com/annonce-12892-location-vente-de-voiture.html","1  FCFA","Offre d'un particulier à Point E","media/annonces/pics/afc2f5f630d7aa7adb7824ace4603726.jpg","Location et vente de voiture chez taif automobile 

nous avons plusieurs marques différentes des voitures de luxe très confortable.pour la location a nous couvrons inversement de dakar à diass à de très  bons prix.contact:33 824 02 43/771339733"
"1738685763-46","https://dakarvente.com/index.php?page=annonces_categorie&id=8&sort=&nb=4","Location/vente de voiture","https://www.dakarvente.com/annonce-12989-location-vente-de-voiture.html","1  FCFA","Offre d'un particulier à Point E","media/annonces/pics/816710e747108aa81c42cffc1b8161ef.jpg","location et vente de voiture chez taif automobile 

nous avons plusieurs marques différentes des voitures de luxe très confortable.pour la location a nous couvrons inversement de dakar à diass à de très  bons prix.contact:33 824 02 43/771339733"
"1738685774-47","https://dakarvente.com/index.php?page=annonces_categorie&id=8&sort=&nb=4","Location Ford Fusion SE Toutes options","https://www.dakarvente.com/annonce-13090-location-ford-fusion-se-toutes-options.html","22.500  FCFA","Offre d'un particulier à Almadies","media/annonces/pics/8ae384b19b1e037cc594452892e37498.jpg","Tarifs location :



A partir de 22.500f / jour pour 1 mois



Ford Fusion 



Minimum 3 jours



Journée : 35.000f

Forfait week-end : 100.000f

Forfait semaine : 200.000f

Forfait mois : 675.000f





Age minimum 25 ans 

2 ans de permis minimum"
"1738685779-48","https://dakarvente.com/index.php?page=annonces_categorie&id=8&sort=&nb=4","Location et vente de voiture","https://www.dakarvente.com/annonce-13160-location-et-vente-de-voiture.html","1  FCFA","Offre d'un particulier à Point E","media/annonces/pics/7dac82bf86429a41dce3e23e4d16b317.jpg","Location et vente de voiture chez taif automobile 

nous avons plusieurs marques différentes des voitures de luxe très confortable.pour la location a nous couvrons inversement de dakar à diass à de très  bons prix ..."
"1738685784-49","https://dakarvente.com/index.php?page=annonces_categorie&id=8&sort=&nb=4","Location de voitures","https://www.dakarvente.com/annonce-13249-location-de-voitures.html","22.500  FCFA","Offre d'un particulier à Liberté 6","media/annonces/pics/5447bed7d0a89649731400f224443f4f.jpeg","Location de tous genres de voitures en longue durée LLD de berline suv 4x4 pick up et tout autres genres, avec ou sans chauffeur, possibilités de réduction pour longue durée. véhicules climatisées et confort garantie. contactez nous pour plus de renseignements tarification mensuelle trimestrielle ou annuelle disponible tarif variable selon la durée celui ci est à titre indicatif

Durée minimale 03 jours 

Sauf transfert avec chauffeur

joignable aussi par whatsapp"
"1738685791-50","https://dakarvente.com/index.php?page=annonces_categorie&id=8&sort=&nb=4","Location et vente de voiture","https://www.dakarvente.com/annonce-13250-location-et-vente-de-voiture.html","1  FCFA","Offre d'un particulier à Point E","media/annonces/pics/9adccb424c8f69811c4487dd6631a09c.jpg","Location et vente de voiture chez taif automobile 

nous avons plusieurs marques différentes des voitures de luxe très confortable.pour la location a nous couvrons inversement de dakar à diass à de très  bons prix.contact"
"1738685799-51","https://dakarvente.com/index.php?page=annonces_categorie&id=8&sort=&nb=4","Location et vente de voiture","https://www.dakarvente.com/annonce-13776-location-et-vente-de-voiture.html","1  FCFA","Offre d'un particulier à Point E","media/annonces/pics/6721dc3594bb10bfba8474d4c58a04af.jpg","Location et vente de voiture plusieurs marques différentes des voitures de luxe très confortable la location a nous couvrons inversement très  bons prix - dakar à diass."
"1738685806-52","https://dakarvente.com/index.php?page=annonces_categorie&id=8&sort=&nb=4","Location et Vente de voitures","https://www.dakarvente.com/annonce-13825-location-et-vente-de-voitures.html","1  FCFA","Offre d'un particulier à Point E","media/annonces/pics/c3f2fd7d2368fc120ffa8419c671338d.jpg","Location et vente de voiture plusieurs marques différentes des voitures de luxe très confortable la location a nous couvrons inversement très  bons prix - dakar à diass."
"1738685820-53","https://dakarvente.com/index.php?page=annonces_categorie&id=8&sort=&nb=4","Location de voiture avec ou sans chauffeur","https://www.dakarvente.com/annonce-14292-location-de-voiture-avec-ou-sans-chauffeur.html","20.000  FCFA","Offre d'un particulier à Thiès","media/annonces/pics/796144b9d8cebe872d29e52ae5f8fe7d.jpg","Plusieurs véhicules à louer FORD, BMW NISSAN.

Manuelle ou Automatique

Avec ou sans chauffeur



Véhicules propres et fonctionnels venant du Canada



Véhicules mis à votre disposition à partir de 20 000CFA par jour.



Rouler en tout confort et sécurité avec une de nos voitures!



Toutes climatisées et à faible consommation d'essence



Apellez ou textes pour une reservation rapide 24hres sur 24H du lundi au dimanche!"
"1738685826-54","https://dakarvente.com/index.php?page=annonces_categorie&id=8&sort=&nb=4","Location voiture Ford Escape 2011","https://www.dakarvente.com/annonce-14556-location-voiture-ford-escape-2011.html","40.000  FCFA","Offre d'un particulier à Ouakam","media/annonces/pics/ef0ec254b16b01753ea4422825cf52db.jpeg","Location de voiture Ford Escape 2011 essence. 

Possibilité de location avec un chauffeur qualifié qui maîtrise bien l’itinéraire de la ville de Dakar et de l'étendue du territoire sénégalais."
"1738685833-55","https://dakarvente.com/index.php?page=annonces_categorie&id=8&sort=&nb=4","AUTO-ECOLE","https://www.dakarvente.com/annonce-14729-auto-ecole.html","1  FCFA","Offre d'un professionnel à Point E","media/annonces/pics/b86b2ab5a68c0c8f384ffec283ec4c14.jpeg","Taif auto-école vient mettre fin  vos soucies pour avoir un permis de conduire toutes catégories comprises a des prix abordables"
"1738685839-56","https://dakarvente.com/index.php?page=annonces_categorie&id=8&sort=&nb=4","Auto-école","https://www.dakarvente.com/annonce-14783-auto-cole.html","1  FCFA","Offre d'un professionnel à Point E","media/annonces/pics/7ee6366d1c989cfabb720c081ddc4458.jpeg","Taif auto-école vient mettre fin  vos soucies pour avoir un permis de conduire toutes catégories comprises a des prix abordables"
"1738685844-57","https://dakarvente.com/index.php?page=annonces_categorie&id=8&sort=&nb=4","Auto-école","https://www.dakarvente.com/annonce-14835-auto-cole.html","1  FCFA","Offre d'un professionnel à Point E","media/annonces/pics/fe0d66dcbf20e539b5e92cf90f18acf4.jpeg","Taif auto-école vient mettre fin  vos soucies pour avoir un permis de conduire toutes catégories comprises a des prix abordables"
"1738685850-58","https://dakarvente.com/index.php?page=annonces_categorie&id=8&sort=&nb=4","Hyundai Santa Fe 2015 7 Places","https://www.dakarvente.com/annonce-15092-hyundai-santa-fe-2015-7-places.html","50.000  FCFA","Offre d'un particulier à Plateau","media/annonces/pics/435e8567799ae4679a5bf8669316f727.jpeg","Hundai Santa Fe 7 places Full options à louer par jour"
"1738685858-59","https://dakarvente.com/index.php?page=annonces_categorie&id=8&sort=&nb=4","Kia Sorento à louer","https://www.dakarvente.com/annonce-16693-kia-sorento-louer.html","35.000  FCFA","Offre d'un particulier à Sicap liberté","media/annonces/pics/5fe2c39df0696bf785bca141064e934e.jpeg","Kia Sorento en très bon état, elle n’attends que vous!"
"1738685865-60","https://dakarvente.com/index.php?page=annonces_categorie&id=8&sort=&nb=4","Location de véhicule","https://www.dakarvente.com/annonce-16867-location-de-vhicule.html","40.000  FCFA","Offre d'un particulier à Dakar","media/annonces/pics/bca0d8e1a27852ee316fa7ec2e0a419b.jpg","Bonjour je loue une voiture 4X4 automatique Toyota RAV4 version américaine."
"1738685870-61","https://dakarvente.com/index.php?page=annonces_categorie&id=8&sort=&nb=4","Location de voiture","https://www.dakarvente.com/annonce-18318-location-de-voiture.html","15.000  FCFA","Offre d'un particulier à Saly","media/annonces/pics/59d2477813b328cea3dbb7180a43673b.jpg","Location voiture court ou long terme à petit prix à partir de 15.000FCFA /jour

Adresse: Saly Carrefour, Mbour, Sénégal"
"1738685905-62","https://dakarvente.com/index.php?page=annonces_categorie&id=8&sort=&nb=3","Location Peugeot Partenaire","https://www.dakarvente.com/annonce-19144-location-peugeot-partenaire.html","25.000  FCFA","Offre d'un particulier à Almadies","media/annonces/pics/dc77f6009bad26e44286410abce2d895.jpg","Location longue durée d'une Peugeot Partenaire à Dakar"
"1738685912-63","https://dakarvente.com/index.php?page=annonces_categorie&id=8&sort=&nb=3","Location Pick up Mitsubishi","https://www.dakarvente.com/annonce-19234-location-pick-up-mitsubishi.html","40.000  FCFA","Offre d'un particulier à Bene Tally","media/annonces/pics/1818d97b6962c74c4eaaddf709eb861b.jpg","Location d'un pick up Mitsubishi L200 double cabine."
"1738685919-64","https://dakarvente.com/index.php?page=annonces_categorie&id=8&sort=&nb=3","Location Ford focus","https://www.dakarvente.com/annonce-19395-location-ford-focus.html","30.000  FCFA","Offre d'un particulier à Dakar","media/annonces/pics/c493dd93c7f53a76e2a3e56bad829219.jpg","Ford Focus en location à Dakar et dans les Régions intérieur cuir caméra recul toit ouvrant Prix 30.000 Dakar 40.000 dans les régions"
"1738685926-65","https://dakarvente.com/index.php?page=annonces_categorie&id=8&sort=&nb=3","LOCATION HYUNDAI ELANTRA","https://www.dakarvente.com/annonce-19396-location-hyundai-elantra.html","30.000  FCFA","Offre d'un particulier à Point E","media/annonces/pics/50d2bee78f4c77d36a04517dc80219cc.jpg","Elantra en location à Dakar et dans les Régions intérieur tissu  toit ouvrant Prix 30.000 Dakar 40.000 dans les régions"
"1738685940-66","https://dakarvente.com/index.php?page=annonces_categorie&id=8&sort=&nb=3","Location et vente","https://www.dakarvente.com/annonce-19701-location-et-vente.html","35.000  FCFA","Offre d'un particulier à Médina","media/annonces/pics/7ba627de8acfe9e8fad90f411e8ed774.jpeg","Ford Edge 4x4                     50.000

Ford Taurus                         40.000

Chevrolet Equinox 4x4      40.000

Ford Focus                          30.000



Tous des véhicules américains très solides et confortables, d’essence automatiques climatisées.



Toutes les voitures sont mutées récemment avec les nouvelles plaques d’immatriculation récentes.



NB: RÉDUCTION À PARTIR D'UN LONG SÉJOUR."
"1738685949-67","https://dakarvente.com/index.php?page=annonces_categorie&id=8&sort=&nb=3","Location et vente","https://www.dakarvente.com/annonce-19702-location-et-vente.html","45.000  FCFA","Offre d'un particulier à Médina","media/annonces/pics/126a7dc71debd07af529a3354c154a90.jpeg","Ford Edge 4x4                     55.000

Ford Taurus                         45.000

Chevrolet Equinox 4x4      45.000

Ford Focus                          35.000



Tous des véhicules américains très solides et confortables, d’essence automatiques climatisées.



Toutes les voitures sont mutées récemment avec les nouvelles plaques d’immatriculation récentes.



NB: RÉDUCTION À PARTIR D'UN LONG SÉJOUR."
"1738685963-68","https://dakarvente.com/index.php?page=annonces_categorie&id=8&sort=&nb=3","Location de voiture","https://www.dakarvente.com/annonce-19897-location-de-voiture.html","35.000  FCFA","Offre d'un particulier à Grand Yoff","media/annonces/pics/79b25abee738962c77138066c0f7b87a.jpeg","Bonjour je loue ma Ford venant des USA. 2015 démarrage à distance.

Intérieur cuir.  

Ecran de recul  très propre.

Contactez-moi pour plus d'informations."
"1738685991-69","https://dakarvente.com/index.php?page=annonces_categorie&id=8&sort=&nb=3","Véhicule à louer","https://www.dakarvente.com/annonce-20208-vhicule-louer.html","15.000  FCFA","Offre d'un particulier à Ouakam","media/annonces/pics/42331c1a4d3c5afb1e9d14a4f349dbfa.jpg","Bonjour, je mets à votre disposition un véhicule en très bon état de sécurité, de confort pour vos déplacements, courses, et urgence dans Dakar."
"1738686000-70","https://dakarvente.com/index.php?page=annonces_categorie&id=8&sort=&nb=3","Kia Picanto à louer avec chauffeur","https://www.dakarvente.com/annonce-20803-kia-picanto-louer-avec-chauffeur.html","25.000  FCFA","Offre d'un particulier à HLM","media/annonces/pics/04cdd142930b7a180654754c47a045b3.jpg","Je loue ma voiture KIA PICANTO avec chauffeur uniquement.  Véhicule très pratique et maniable.  la clim marche bien, tous les papiers sont en règle.  Chauffeur très disponible et même pour faire des courses."
"1738686009-71","https://dakarvente.com/index.php?page=annonces_categorie&id=8&sort=&nb=3","Location PEUGEOT PARTENAIRE","https://www.dakarvente.com/annonce-21044-location-peugeot-partenaire.html","25.000  FCFA","Offre d'un particulier à Ouakam","media/annonces/pics/1a438c0ac81b0d1436d411691160cc7c.jpg","Location Peugeot Partner/ jour à Dakar"
"1738686027-72","https://dakarvente.com/index.php?page=annonces_categorie&id=8&sort=&nb=3","location Mitsubishi L200 climatisée","https://www.dakarvente.com/annonce-21343-location-mitsubishi-l200-climatise.html","","Offre d'un particulier à HLM","media/annonces/pics/f0e5817fc9ddfa323ab9ef2ca0a8e118.jpeg","je loue une voiture Mitsubishi L 200 climatisée.

Location longue et courte distance à un prix abordable avec chauffeur multilangue et cultivé."
"1738686034-73","https://dakarvente.com/index.php?page=annonces_categorie&id=8&sort=&nb=3","Location de voiture","https://www.dakarvente.com/annonce-21658-location-de-voiture.html","100  FCFA","Demande d'un particulier à Cité Keur Gorgui","media/annonces/pics/64e82509f242471e25bf59d8958434e0.jpeg","Notre agence vous propose des voitures de location automatique et manuelles à des prix raisonnables si vous êtes intéressé contactez- nous."
"1738686041-74","https://dakarvente.com/index.php?page=annonces_categorie&id=8&sort=&nb=3","Océan Afrique","https://www.dakarvente.com/annonce-23101-ocan-afrique.html","","Offre d'un particulier à Ouest Foire","media/annonces/pics/8ce41b47ac18801afdeace732593f2e9.png","Océan Afrique est une entreprise spécialisée dans la location de voiture de luxe et de minibus de 14/15 places. Nous sommes aussi spécialisé dans la gestion de flotte."
"1738686065-75","https://dakarvente.com/index.php?page=annonces_categorie&id=8&sort=&nb=3","Location de véhicules","https://www.dakarvente.com/annonce-23594-location-de-vhicules.html","15.000  FCFA","Offre d'un particulier à Ouakam","img/nophoto.png","Bonjour , je mets à votre disposition des véhicules en très bon état de sécurité, confortables avec suivi technique régulier à des prix compétitifs. Merci"
"1738686076-76","https://dakarvente.com/index.php?page=annonces_categorie&id=8&sort=&nb=3","Location de voiture","https://www.dakarvente.com/annonce-25263-location-de-voiture.html","15.000  FCFA","Offre d'un particulier à Ouakam","media/annonces/pics/4230267e1bcbb509e8085137f23e8e80.jpg","je mets en location une Ford Focus climatisée avec boite automatique."
"1738686099-77","https://dakarvente.com/index.php?page=annonces_categorie&id=8&sort=&nb=3","Location de voitures de luxe","https://www.dakarvente.com/annonce-26186-location-de-voitures-de-luxe.html","100.000  FCFA","Offre d'un particulier à Almadies","media/annonces/pics/655225f7923cdcc35d43af653ad12277.jpeg","L’agence de location TPS met a disposition des véhicules de luxe pour toute location avec ou sans chauffeur."
"1738686126-78","https://dakarvente.com/index.php?page=annonces_categorie&id=8&sort=&nb=3","Location Kia Sportage","https://www.dakarvente.com/annonce-26727-location-kia-sportage.html","30.000  FCFA","Offre d'un particulier à Guédiawaye","media/annonces/pics/0396cdf51d37ef2a9a309ed317fbd64f.jpg","Nous louons une voiture propre, confortable et en très bon état de marque Kia Sportage 4x4. Les tarifs sont 30000/Jr. Plus de 10 jours vous avez une réduction. Pour en savoir plus contactez-nous au 77 109 59 80. Nous faisons aussi des transferts AIBD."
"1738686155-79","https://dakarvente.com/index.php?page=annonces_categorie&id=8&sort=&nb=3","Location de voiture","https://www.dakarvente.com/annonce-26795-location-de-voiture.html","25.000  FCFA","Offre d'un particulier à Dakar","media/annonces/pics/c307a4defd6bd0a485a5f0c4c77fae22.jpeg","Je loue ma mazda 5/7 places"
"1738686166-80","https://dakarvente.com/index.php?page=annonces_categorie&id=8&sort=&nb=3","Location de vehicule","https://www.dakarvente.com/annonce-26926-location-de-vehicule.html","25.000  FCFA","Offre d'un particulier à Ouakam","media/annonces/pics/3b3d32ac9318128d76b7e4381d3c204d.jpg","Bonjour, nous mettons a votre disposition des véhicules de location pour rallier l'aéroport Blaise Diagne en toute sécurité avec chauffeur. Nous sommes disponibles en ligne pour une réponse rapide. Merci !"
"1738686176-81","https://dakarvente.com/index.php?page=annonces_categorie&id=8&sort=&nb=3","Location de voiture","https://www.dakarvente.com/annonce-27952-location-de-voiture.html","30.000  FCFA","Offre d'un particulier à Dakar","media/annonces/pics/790add4d4702c5e9e4096448d8edac96.jpg","Location de véhicule

Elantra 2013

05 places

Essence

Automatique

Couleur grise"
"1738686188-82","https://dakarvente.com/index.php?page=annonces_categorie&id=8&sort=&nb=3","Location de Voitures","https://www.dakarvente.com/annonce-28446-location-de-voitures.html","35.000  FCFA","Offre d'un particulier à Ouakam","media/annonces/pics/ae20c706f30e56a758d173bd21620f59.jpeg","Location des Voitures en excellent état et luxueux a partir de 3 jours. 

PRIX LOCATION: A Partir de 35.000f"
"1738686200-83","https://dakarvente.com/index.php?page=annonces_categorie&id=8&sort=&nb=3","Location de véhicule","https://www.dakarvente.com/annonce-28677-location-de-vhicule.html","30.000  FCFA","Offre d'un particulier à Médina","media/annonces/pics/e190835864737c0ca620bb59c6449209.jpeg","Location de véhicule personnel.

par journée 25000fcfa plus chauffeur 30000 , pour vos déplacements ou vos séjours."
"1738686212-84","https://dakarvente.com/index.php?page=annonces_categorie&id=8&sort=&nb=3","LOCATION DE VOITURES","https://www.dakarvente.com/annonce-28966-location-de-voitures.html","25.000  FCFA","Offre d'un particulier à VDN","media/annonces/pics/445b71f3f9920c73296ab494385af9eb.jpeg","LOCATION DE VOITURES SUR DAKAR AVEC UNE LARGE GAMME DE PROPOSITION AVEC OU SANS CHAUFFEUR

NB : FORFAIT MENSUEL POSSIBLE"
"1738686222-85","https://dakarvente.com/index.php?page=annonces_categorie&id=8&sort=&nb=3","Location véhicule pick up","https://www.dakarvente.com/annonce-29156-location-vhicule-pick-up.html","40.000  FCFA","Offre d'un particulier à Gueule tapée","media/annonces/pics/ab09f394513bb158ef4709676028a99e.jpeg","Location véhicule pick up L200 / jour 

en zone Dakar et région"
"1738686237-86","https://dakarvente.com/index.php?page=annonces_categorie&id=8&sort=&nb=3","Location de voiture Renault megane scenic","https://www.dakarvente.com/annonce-29861-location-de-voiture-renault-megane-scenic.html","12.000  FCFA","Demande d'un particulier à Dakar","media/annonces/pics/b334ea90f7f62d04e7b6e40af445ce58.jpg","Location de voiture 

Renault megane scenic 1 phase 2"
"1738686244-87","https://dakarvente.com/index.php?page=annonces_categorie&id=8&sort=&nb=3","Location kia sorento 7 places climatisé","https://www.dakarvente.com/annonce-30686-location-kia-sorento-7-places-climatis.html","","Offre d'un particulier à Dakar","media/annonces/pics/f2d6bbede1efe7f40a9e029e5bac0167.jpg","Location kia sorento  disponible 7 PLACES climatisé très propre très bien entretenue"
"1738686251-88","https://dakarvente.com/index.php?page=annonces_categorie&id=8&sort=&nb=3","LOCATION DE VOITURES DE LUXE","https://www.dakarvente.com/annonce-30727-location-de-voitures-de-luxe.html","","Offre d'un particulier à Dakar","media/annonces/pics/6d1dff282252432cc8deb621271a533e.jpg","Sen Taif automobile est une agence de location et de vente de voitures. Nous vous offrons des voitures de qualité et de luxe pour vous permettre d'être à l'aise dedans. Concernant la vente de voiture, nous vous proposons des voitures d'occasion et neuves à des prix imbattables, contactez nous."
"1738686258-89","https://dakarvente.com/index.php?page=annonces_categorie&id=8&sort=&nb=3","Location MERCEDES GLE","https://www.dakarvente.com/annonce-30734-location-mercedes-gle.html","","Offre d'un particulier à Dakar","media/annonces/pics/97472f48e50bc0fd9afbb5aa9d77d87d.jpg","Location GLE disponible pour location

Full options 



Contact sèn taïf automobiles 771339733 / 775106767"
"1738686264-90","https://dakarvente.com/index.php?page=annonces_categorie&id=8&sort=&nb=3","Location Ford Fusion","https://www.dakarvente.com/annonce-30739-location-ford-fusion.html","","Offre d'un particulier à Dakar","media/annonces/pics/6699b85e8234939019e8f13fd3546d3d.jpg","Ford fusion full options disponibles pour location"
"1738686272-91","https://dakarvente.com/index.php?page=annonces_categorie&id=8&sort=&nb=3","RANGE ROVER SPORT KIT SVR","https://www.dakarvente.com/annonce-30777-range-rover-sport-kit-svr.html","","Offre d'un particulier à Dakar","media/annonces/pics/0b1371b3171e977724c7108359b5a934.jpg","RANGE ROVER SPORT KIT SVR 

FULL OPTIONS 

DISPONIBLE POUR LOCATION"
"1738686281-92","https://dakarvente.com/index.php?page=annonces_categorie&id=8&sort=&nb=3","Location Toyota Illux manuel","https://www.dakarvente.com/annonce-30781-location-toyota-illux-manuel.html","","Offre d'un particulier à Dakar","media/annonces/pics/13092e9893179fad515499d127e807cd.jpg","Location Toyota Illux manuel"
"1738686295-93","https://dakarvente.com/index.php?page=annonces_categorie&id=8&sort=&nb=3","Location Kia optima 2014","https://www.dakarvente.com/annonce-31247-location-kia-optima-2014.html","30.000  FCFA","Offre d'un particulier à Sacré Coeur","media/annonces/pics/a7aca28b975127204361e6fdad18ff3c.jpeg","Salut je loue une Kia optima 2014 essence automatique"
"1738686309-94","https://dakarvente.com/index.php?page=annonces_categorie&id=8&sort=&nb=3","Location voiture au mois","https://www.dakarvente.com/annonce-31510-location-voiture-au-mois.html","150.000  FCFA","Offre d'un particulier à Mamelles","media/annonces/pics/50379bcb41f6f6ef5bcc46ea85f925ac.jpeg","je mets en location au mois ma voiture pour déposer ou prendre un particulier au travail ou élèves à l'école"
"1738686316-95","https://dakarvente.com/index.php?page=annonces_categorie&id=8&sort=&nb=3","Location Hyundai Elantra","https://www.dakarvente.com/annonce-31712-location-hyundai-elantra.html","35.000  FCFA","Offre d'un particulier à Derklé","media/annonces/pics/56a90860c36b7067f90adf01b2a4628c.jpeg","*Location Hyundai Elantra automatique Essence a 35.000f/ jour a partir de 5 Jours*

CONTACT APPEL OU WHATSAPP:

782718278 ou 764823888"
"1738686331-96","https://dakarvente.com/index.php?page=annonces_categorie&id=8&sort=&nb=3","Location ford Escape","https://www.dakarvente.com/annonce-31878-location-ford-escape.html","35.000  FCFA","Offre d'un particulier à Cité Keur Gorgui","media/annonces/pics/a07531c8e9dec2e0b6dfb67f11fd26a6.jpg","Location ford Escape, automatique essence, climatisée grand ecran tactile, caméra de recul. Tarif par jour 35000 frs contact 24H24            77 750 28 28 / 76 640 00 76"
"1738686354-97","https://dakarvente.com/index.php?page=annonces_categorie&id=8&sort=&nb=2","Pelle Poclain","https://www.dakarvente.com/annonce-32431-pelle-poclain.html","275.000  FCFA","Offre d'un particulier à Diamniadio","media/annonces/pics/fda8f6138fd7190f42dafff72ca3bc18.jpeg","Pelle Poclain en très bon Etat!"
"1738686363-98","https://dakarvente.com/index.php?page=annonces_categorie&id=8&sort=&nb=2","Location de véhicule","https://www.dakarvente.com/annonce-32912-location-de-vhicule.html","","Offre d'un particulier à Ouest Foire","media/annonces/pics/f79c84ef567fbceba97c90aca75d9add.jpg","Nous louons des Pick up L200, 2022 (0km) pour une longue durée avec chauffeur"
"1738686373-99","https://dakarvente.com/index.php?page=annonces_categorie&id=8&sort=&nb=2","Transport de Voyagistes","https://www.dakarvente.com/annonce-33275-transport-de-voyagistes.html","22.000  FCFA","Offre d'un particulier à Maristes","media/annonces/pics/523c88b5195e1005642398f2d917e868.jpg","HARISO CAR vous offre des services sur mesure selon vos besoins :

1. Le transport de voyagistes Dakar – AIBD - DAKAR,

2. Le transport de passagers partout au Sénégal

3. Le transport de colis,

4. La location de voitures 

5. Le covoiturage Allo Taxi : Mbour, Touba, Kaolack, Saint Loius …

La liste n’est pas exhaustive et nous essayerons de répondre toujours aux besoins du client.

NB: Véhicules confortables et climatisés"
"1738686380-100","https://dakarvente.com/index.php?page=annonces_categorie&id=8&sort=&nb=2","Compacteur","https://www.dakarvente.com/annonce-33354-compacteur.html","160.000  FCFA","Offre d'un particulier à Dakar","media/annonces/pics/80867e028740890f3f35d111b30ec9e3.jpeg","Compacteur !"
"1738686389-101","https://dakarvente.com/index.php?page=annonces_categorie&id=8&sort=&nb=2","Pelle Poclain","https://www.dakarvente.com/annonce-33679-pelle-poclain.html","275.000  FCFA","Offre d'un particulier à Diamniadio","media/annonces/pics/0b584d4a784a289b55166b544a443d04.jpeg","Pelle Poclain"
"1738686396-102","https://dakarvente.com/index.php?page=annonces_categorie&id=8&sort=&nb=2","Salon 7 places","https://www.dakarvente.com/annonce-33735-salon-7-places.html","375.000  FCFA","Offre d'un particulier à Sicap liberté","media/annonces/pics/d90c4e6e8e5076c54a24e058dde309cd.jpg","salon 7 places a vendre didisponible"
"1738686407-103","https://dakarvente.com/index.php?page=annonces_categorie&id=8&sort=&nb=2","Ford fusion titanuim","https://www.dakarvente.com/annonce-35652-ford-fusion-titanuim.html","40.000  FCFA","Offre d'un particulier à Almadies","media/annonces/pics/d211ea6e83361e8dd5874bc237f4f619.jpg","Ford fusion titanium full option version 4×4 

Année 2016 

Moteur 2.0 lezer consommation

Toit ouvrant électriques

Wifi à bord"
"1738686427-104","https://dakarvente.com/index.php?page=annonces_categorie&id=8&sort=&nb=2","Location de voiture Hyundai Full options","https://www.dakarvente.com/annonce-36141-location-de-voiture-hyundai-full-options.html","40.000  FCFA","Offre d'un particulier à Parcelles assainies","media/annonces/pics/44c5d6b2a4d95be50ed560bfd2290d8f.jpeg","DRT AUTOMOBILE 

Location de voiture Hyundai sonata automatique essence full option intérieur cuir double toit ouvrant caméra de recul écran digital bluetooth année 2014 moteur 2.0 mode eco faible consommation très propre."
"1738686439-105","https://dakarvente.com/index.php?page=annonces_categorie&id=8&sort=&nb=2","Location de voiture full options","https://www.dakarvente.com/annonce-36142-location-de-voiture-full-options.html","40.000  FCFA","Offre d'un particulier à Parcelles assainies","media/annonces/pics/651e514c44a5b4ded29f668ae913b562.jpeg","DRT AUTOMOBILE 

Location de voiture Hyundai sonata automatique essence full option intérieur cuir double toit ouvrant caméra de recul écran digital bluetooth année 2014 moteur 2.0 mode eco faible consommation très propre."
"1738686445-106","https://dakarvente.com/index.php?page=annonces_categorie&id=8&sort=&nb=2","Location de voiture Hyundai Full options","https://www.dakarvente.com/annonce-36143-location-de-voiture-hyundai-full-options.html","40.000  FCFA","Offre d'un particulier à Parcelles assainies","media/annonces/pics/51c1f4c1bdb32c823751bbe57d2abcd6.jpeg","DRT AUTOMOBILE 

Location de voiture Hyundai sonata automatique essence full option intérieur cuir double toit ouvrant caméra de recul écran digital bluetooth année 2014 moteur 2.0 mode eco faible consommation très propre."
"1738686452-107","https://dakarvente.com/index.php?page=annonces_categorie&id=8&sort=&nb=2","LOCATION TOYOTA FORTUNER AVEC CHAUFFEUR A BON PRIX","https://www.dakarvente.com/annonce-36168-location-toyota-fortuner-avec-chauffeur-a-bon-prix.html","65.000  FCFA","Offre d'un particulier à Liberté 2","media/annonces/pics/2e9fd4052cbe4ba192363c1e09c12b90.jpg","VOTRE TRANSPORT À DAKAR ET PARTOUT AU SÉNÉGAL



DÉTAILS TECHNIQUES DE 



Climatisée,



DIESEL. 



Essence automatique 



LOCATION UNIQUEMENT AVEC CHAUFFEUR



LOCATION À PARTIR DE 3 JOURS = 65 000 f / jour



LOCATION DE 1 SEMAINE (7JOURS et plus) ET PLUS  = 60 000 f / jour



LOCATION DE 1 MOIS (30 JOURS et plus) ET PLUS  = 55 000 f / jour



INTÉRESSÉ, VEUILLEZ NOUS CONTACTER AU : 78 171 72 21 / 77 879 52 07

 

 *NICE CAR* NOUS SOMMES À VOTRE DISPOSITION, !!"
"1738686459-108","https://dakarvente.com/index.php?page=annonces_categorie&id=8&sort=&nb=2","Location de véhicules","https://www.dakarvente.com/annonce-36433-location-de-vhicules.html","35.000  FCFA","Offre d'un particulier à Parcelles assainies","media/annonces/pics/88f4e71ac911e7b789991b79fb78effa.jpeg","Location de voiture

*HYUNDAI SONATA

*AUTOMATIQUE

*ESSENCE

*CLIMATISÉE

*FULL OPTION

*INTÉRIEUR CUIRE

*DOUBLE TOITS OUVRANTS

*CAMÉRA DE RECUL

*ÉCRAN DIGITAL 

*MOTEUR 2.0

*MODE ÉCONOMIE FAIBLE CONSOMMATION

*ANNÉE 2014

*3 JOURS MINIMUM

Age minimum 25 ans

2 ans de permis minimum

Périmètre de location:Région de Dakar uniquement"
"1738686469-109","https://dakarvente.com/index.php?page=annonces_categorie&id=8&sort=&nb=2","Transfert aéroport  avec voiture climatisée. 30 000 Frs.","https://www.dakarvente.com/annonce-36650-transfert-aroport-avec-voiture-climatise-30-000-frs.html","30.000  FCFA","Offre d'un particulier à Dakar","media/annonces/pics/ea4f090e4d47fa784a544f00961caedf.jpg","Transfert aéroport  avec voiture climatisée. 30 000 Frs.

Contact +221 76 560 82 02"
"1738686477-110","https://dakarvente.com/index.php?page=annonces_categorie&id=8&sort=&nb=2","Vente et location de voitures","https://www.dakarvente.com/annonce-36889-vente-et-location-de-voitures.html","25.000  FCFA","Offre d'un particulier à Almadies","media/annonces/pics/981e8cc41b285d4b5489dd8a7187acaa.jpg","Vente et location de voiture a dakar sénégal ."
"1738686483-111","https://dakarvente.com/index.php?page=annonces_categorie&id=8&sort=&nb=2","LOCATION DE CAMION SONORISE","https://www.dakarvente.com/annonce-36898-location-de-camion-sonorise.html","250.000  FCFA","Offre d'un particulier à Sacré Coeur","media/annonces/pics/1d2c101f1f2e9e402cf031fad2c86f8c.png","Pour vos meetings, vos compagnes publicitaires et autres, NERI GROUP International met à votre disposition des camions sonorisés avec une équipe professionnelle (optionnelle)!!!





NB : pour la location veuillez demander un devis et précisez le nombre de jours et le lieu de la campagne!!!"
"1738686489-112","https://dakarvente.com/index.php?page=annonces_categorie&id=8&sort=&nb=2","Location de voitures","https://www.dakarvente.com/annonce-37124-location-de-voitures.html","","Offre d'un particulier à Yoff","media/annonces/pics/bd56a02fa09cbd96b60cb880807071c4.jpg","Je loue ma MITSUBISHI Pajero 4x4 automatique essence salon cuir ,

 AVEC CHAUFFEUR 



Pour plus d'informations n'hésitez de me contacter"
"1738686496-113","https://dakarvente.com/index.php?page=annonces_categorie&id=8&sort=&nb=2","LOCATION DE VOITURE FULL OPTION","https://www.dakarvente.com/annonce-37199-location-de-voiture-full-option.html","35.000  FCFA","Offre d'un particulier à Parcelles assainies","media/annonces/pics/ac100af12025a2b1e1c5cc56310334ce.jpeg","DRT AUTOMOBILE



*HYUNDAI SONATA

*AUTOMATIQUE

*ESSENCE

*CLIMATISÉE

*FULL OPTION

*INTÉRIEUR CUIRE

*DOUBLE TOITS OUVRANTS

*CAMÉRA DE RECUL

*ÉCRAN DIGITAL 

*COMMANDE AU VOLANT

*MOTEUR 2.0

*MODE ÉCONOMIE FAIBLE CONSOMMATION

*ANNÉE 2014"
"1738686505-114","https://dakarvente.com/index.php?page=annonces_categorie&id=8&sort=&nb=2","Location de voiture Hyundai","https://www.dakarvente.com/annonce-37200-location-de-voiture-hyundai.html","35.000  FCFA","Offre d'un particulier à Parcelles assainies","media/annonces/pics/30190b3ac06e742ec85eb1c32c56d185.jpeg","DRT AUTOMOBILE



*HYUNDAI SONATA

*AUTOMATIQUE

*ESSENCE

*CLIMATISÉE

*FULL OPTION

*INTÉRIEUR CUIRE

*DOUBLE TOITS OUVRANTS

*CAMÉRA DE RECUL

*ÉCRAN DIGITAL 

*COMMANDE AU VOLANT

*MOTEUR 2.0

*MODE ÉCONOMIE FAIBLE CONSOMMATION

*ANNÉE 2014"
"1738686516-115","https://dakarvente.com/index.php?page=annonces_categorie&id=8&sort=&nb=2","Location auto full option","https://www.dakarvente.com/annonce-37290-location-auto-full-option.html","35.000  FCFA","Offre d'un particulier à Parcelles assainies","media/annonces/pics/73f57f4778eba48966dad0bd6238456f.jpeg","DRT AUTOMOBILE



*HYUNDAI SONATA

*AUTOMATIQUE

*ESSENCE

*CLIMATISÉE

*FULL OPTION

*INTÉRIEUR CUIRE

*DOUBLE TOITS OUVRANTS

*CAMÉRA DE RECUL

*ÉCRAN DIGITAL 

*COMMANDE AU VOLANT

*MOTEUR 2.0

*MODE ÉCONOMIE FAIBLE CONSOMMATION

*3 JOURS MINIMUM

Age minimum 25 ans

2 ans de permis minimum"
"1738686524-116","https://dakarvente.com/index.php?page=annonces_categorie&id=8&sort=&nb=2","Location de camion","https://www.dakarvente.com/annonce-38410-location-de-camion.html","","Offre d'un particulier à Scat Urbam","media/annonces/pics/cadedac9ac2ff7b62bdc3035488ad84c.jpg","Location de camion pour vos transports de conteneurs, de marchandises partout à Dakar et au Sénégal et dans la sous-région,  louer votre camion avec un chauffeur expérimenté en courte ou longue durée.On vous propose de louer des camions de bonne qualité. Veuillez nous contacter au 766360506 ou au 777449337."
"1738686545-117","https://dakarvente.com/index.php?page=annonces_categorie&id=8&sort=&nb=2","Location de véhicules","https://www.dakarvente.com/annonce-38874-location-de-vhicules.html","30.000  FCFA","Offre d'un particulier à Cité Keur Gorgui","media/annonces/pics/c110298d68713e3ebeccb35290f61b6b.jpg","Location ford Escape, automatique essence, climatisée grand ecran tactile, caméra de recul. Tarif par jour 30000 frs contact 24H24            77 750 28 28 / 76 640 00 76"
"1738686556-118","https://dakarvente.com/index.php?page=annonces_categorie&id=8&sort=&nb=2","Location de véhicules","https://www.dakarvente.com/annonce-38904-location-de-vhicules.html","30.000  FCFA","Offre d'un particulier à Cité Keur Gorgui","media/annonces/pics/1ab6b83d3be5bd1cec5ae90d234fc330.jpg","Location ford fusion, automatique essence, climatisée. Tarif par jour 30000 frs contact 24H24            77 750 28 28 / 76 640 00 76"
"1738686562-119","https://dakarvente.com/index.php?page=annonces_categorie&id=8&sort=&nb=2","Location voiture avec chauffeur","https://www.dakarvente.com/annonce-39141-location-voiture-avec-chauffeur.html","50.000  FCFA","Offre d'un particulier à Sud Foire","media/annonces/pics/87d8a2082cbc7d9564a665c1f607cd7a.jpg","À louer Mitsubishi Pajero did 7 places Diesel très économique avec chauffeur pour tout vos déplacements dans Dakar et hors de Dakar vers Thiés Mbour Saly  somone Tivaoune Touba Saint-Louis etc et aussi navette Dakar AIBD Dakar disponible pour plus d'informations veuillez me contacter svp Merci"
"1738686573-120","https://dakarvente.com/index.php?page=annonces_categorie&id=8&sort=&nb=2","Madza Cx5 très propres en location","https://www.dakarvente.com/annonce-40795-madza-cx5-trs-propres-en-location.html","45.000  FCFA","Offre d'un particulier à Dakar","media/annonces/pics/96b06bf622d2bb5389f990d403c7f908.jpeg","Madza Cx5 très propres en location, climatisé, essence automatique , journée 45.000f pour plus d'informations veuillez contacter Amada service automobile"
"1738686579-121","https://dakarvente.com/index.php?page=annonces_categorie&id=8&sort=&nb=2","Hyundai Elantra en location","https://www.dakarvente.com/annonce-40797-hyundai-elantra-en-location.html","40.000  FCFA","Offre d'un particulier à Dakar","media/annonces/pics/03b38bea16b943e5bdbae5005cf4d051.jpeg","Hyundai Elantra En en location, très propre faible consommation, journée  40. Pour plus d'informations d'informations veuillez contacter Amada service automobile"
"1738686585-122","https://dakarvente.com/index.php?page=annonces_categorie&id=8&sort=&nb=2","Mercedes CIA Fully disponible en location","https://www.dakarvente.com/annonce-40798-mercedes-cia-fully-disponible-en-location.html","80.000  FCFA","Offre d'un particulier à Dakar","media/annonces/pics/9c59f66c864280f96aaa3a8492b5bfda.jpeg","Mercedes CIA Fully disponible en location a Dakar 80.000f , hors Dakar 85.000f . Pour plus d'informations veuillez contacter Amada service automobile"
"1738686592-123","https://dakarvente.com/index.php?page=annonces_categorie&id=8&sort=&nb=2","Prado Land cruiser en location","https://www.dakarvente.com/annonce-40799-prado-land-cruiser-en-location.html","95.000  FCFA","Offre d'un particulier à Dakar","media/annonces/pics/c1a142986a13d296f0de844606d6084a.jpeg","Prado Land cruiser, En location, essence automatique faible consommation d'énergie, bien entretenu, très propre de l'intérieur à l'extérieur journée 95.000 milles pour plus d'informations veuillez contacter Amada service automobile"
"1738686599-124","https://dakarvente.com/index.php?page=annonces_categorie&id=8&sort=&nb=2","Pick-up disponible en location","https://www.dakarvente.com/annonce-40822-pick-up-disponible-en-location.html","50.000  FCFA","Offre d'un particulier à Dakar","media/annonces/pics/20ead62962d0a2ea5637133d419c3093.jpeg","Pick-up disponible en location, journée 50.000mil . Pour plus d'informations veuillez contacter Amada service automobile"
"1738686606-125","https://dakarvente.com/index.php?page=annonces_categorie&id=8&sort=&nb=2","Mitsubishi à louer","https://www.dakarvente.com/annonce-40823-mitsubishi-louer.html","60.000  FCFA","Offre d'un particulier à Dakar","media/annonces/pics/f27acd61d1d1e1e70d5c6e0bcf8d3cb3.jpeg","Mitsubishi, En l'occasion très propre bien entretenu journée 60.000 milles, pour plus d'informations veuillez contacter Amada service automobile"
"1738686612-126","https://dakarvente.com/index.php?page=annonces_categorie&id=8&sort=&nb=2","KIA Sportage à louer","https://www.dakarvente.com/annonce-40824-kia-sportage-louer.html","45.000  FCFA","Offre d'un particulier à Dakar","media/annonces/pics/1779113fda56dd33cf432627181291f2.jpeg","KIA Sportage, En location , journée 45.000 milles, essence automatique faible consommation, Pour plus d'informations veuillez contacter Amada service automobile"
"1738686624-127","https://dakarvente.com/index.php?page=annonces_categorie&id=8&sort=&nb=2","Ford fusion à louer","https://www.dakarvente.com/annonce-40826-ford-fusion-louer.html","30.000  FCFA","Offre d'un particulier à Dakar","media/annonces/pics/6d3560cd1470700297e67b9555a6a636.jpeg","Ford fusion, très propre disponible en location journée 30.000 . Pour plus d'informations veuillez contacter Amada service automobile"
"1738686636-128","https://dakarvente.com/index.php?page=annonces_categorie&id=8&sort=&nb=2","Ford fusion à louer","https://www.dakarvente.com/annonce-40828-ford-fusion-louer.html","35.000  FCFA","Offre d'un particulier à Dakar","media/annonces/pics/cb0aa542a7a5d5a5b7f5720fb1d66adf.jpeg","Ford fusion disponible en location, journée 35.000f. Pour plus d'informations veuillez contacter Amada service automobile"
"1738686646-129","https://dakarvente.com/index.php?page=annonces_categorie&id=8&sort=&nb=2","Location : Ford fusion titanium.                                   Prix :35000f","https://www.dakarvente.com/annonce-40935-location-ford-fusion-titanium-prix-35000f.html","35.000  FCFA","Offre d'un particulier à Dakar","media/annonces/pics/8aeae72c26bff204308ac49808170fbe.jpeg","Location : Ford fusion titanium.                                   Prix :35000f"
"1738686683-130","https://dakarvente.com/index.php?page=annonces_categorie&id=8&sort=&nb=1","HYundaï grandeur,","https://www.dakarvente.com/annonce-40946-hyunda-grandeur.html","45.000  FCFA","Offre d'un particulier à Dakar","media/annonces/pics/47e6b83a34afc113ba81bae4f467504e.jpeg","HYundaï grandeur, En l'occasion, journée 45.000f essence automatique climatisé, très propre et bien entretenu. Pour plus d'informations veuillez contacter Amada service automobile"
"1738686691-131","https://dakarvente.com/index.php?page=annonces_categorie&id=8&sort=&nb=1","Ford fusion","https://www.dakarvente.com/annonce-40947-ford-fusion.html","40.000  FCFA","Offre d'un particulier à Dakar","media/annonces/pics/32b8d0737588632b57a09c7966bbd590.jpeg","Ford fusion En l'occasion, journée 40.000 milles, Pour plus d'informations veuillez contacter Amada service automobile"
"1738686699-132","https://dakarvente.com/index.php?page=annonces_categorie&id=8&sort=&nb=1","BMW en location","https://www.dakarvente.com/annonce-40948-bmw-en-location.html","50.000  FCFA","Offre d'un particulier à Dakar","media/annonces/pics/57a5454743c1ae9f8aa9294c419a4307.jpeg","BMW en location journée 50.000 milles, Pour plus d'informations veuillez contacter Amada service automobile"
"1738686707-133","https://dakarvente.com/index.php?page=annonces_categorie&id=8&sort=&nb=1","Madza en location","https://www.dakarvente.com/annonce-40949-madza-en-location.html","50.000  FCFA","Offre d'un particulier à Dakar","media/annonces/pics/3eb1151776caa2a998866d1e94c8f3ad.jpeg","Madza en location, très propre et bien entretenu journée 50.000f , pour plus d'informations veuillez contacter Amada service automobile"
"1738686725-134","https://dakarvente.com/index.php?page=annonces_categorie&id=8&sort=&nb=1","LOCATION VÉHICULES FORD","https://www.dakarvente.com/annonce-41910-location-vhicules-ford.html","30.000  FCFA","Offre d'un particulier à Thiaroye","media/annonces/pics/bbcc0f734406ce1f0dac79f9e7dea7a6.jpg","Location véhicule 4x4 confortable. A l'intérieur de Dakar 30 000fcfa/jrs et à l'extérieur de Dakar 35 000fcfa."
"1738686736-135","https://dakarvente.com/index.php?page=annonces_categorie&id=8&sort=&nb=1","LOCATION DE VOITURE/ TRANSPORT AIBD","https://www.dakarvente.com/annonce-42798-location-de-voiture-transport-aibd.html","","Offre d'un particulier à Dakar","media/annonces/pics/adaf5158f46c064d0cb60d443055a79d.jpeg","votre partenaire de confiance en matière de transport et de location de véhicules.

Véhicule avec ou sans chauffeur

Taxi pour vos courses

Abonnement scolaire

Réservation obligatoire

RAPIDE - FIABLE - SECURITE"
"1738686743-136","https://dakarvente.com/index.php?page=annonces_categorie&id=8&sort=&nb=1","FORD EXPLORER DISPONIBLE POUR LOCATION","https://www.dakarvente.com/annonce-43661-ford-explorer-disponible-pour-location.html","60.000  FCFA","Offre d'un particulier à Dakar","media/annonces/pics/ab20f48f820666d51b05a1adf7e8a3eb.jpeg","FORD EXPLORER DISPONIBLE POUR LOCATION 



FORD EXPLORER 

FULL OPTIONS 

4 CYLINDRES 

7PLACES 



Nb:minimum :3jours"
"1738686752-137","https://dakarvente.com/index.php?page=annonces_categorie&id=8&sort=&nb=1","Hyundai Elantra à louer","https://www.dakarvente.com/annonce-45179-hyundai-elantra-louer.html","30.000  FCFA","Offre d'un particulier à VDN","media/annonces/pics/ba6cc6846adb6460b57622c841f91035.jpeg","Hyundai Elantra GT année 2016 à louer 

Automatique essence"
"1738686763-138","https://dakarvente.com/index.php?page=annonces_categorie&id=8&sort=&nb=1","Hyundai Elantra à louer","https://www.dakarvente.com/annonce-45180-hyundai-elantra-louer.html","30.000  FCFA","Offre d'un particulier à Sipres","media/annonces/pics/d943609d152b30de8a4d46786e52e818.jpeg","LOCATION DE VOITURE BERLINE EN TRÈS BON ÉTAT"
"1738686780-139","https://dakarvente.com/index.php?page=annonces_categorie&id=8&sort=&nb=1","Firdawsi automobile","https://www.dakarvente.com/annonce-45364-firdawsi-automobile.html","250.000  FCFA","Offre d'un particulier à Dakar","media/annonces/pics/57c08300b37167a8abf08e8c7d3f8176.jpeg","Range rover

Mercedes gle 

Disponible pour vos service en location"
"1738686784-140","https://dakarvente.com/index.php?page=annonces_categorie&id=8&sort=&nb=1","Firdawsi automobile","https://www.dakarvente.com/annonce-45365-firdawsi-automobile.html","","","",""
"1738686793-141","https://dakarvente.com/index.php?page=annonces_categorie&id=8&sort=&nb=1","Firdawsi automobile","https://www.dakarvente.com/annonce-45366-firdawsi-automobile.html","40.000  FCFA","Offre d'un particulier à Dakar","media/annonces/pics/b16c63d92c2a6ea55386450fa03a817b.jpeg","Ford fusion 2019

Ford fusion 2015

Ford escape"
"1738686804-142","https://dakarvente.com/index.php?page=annonces_categorie&id=8&sort=&nb=1","Firdawsi automobile","https://www.dakarvente.com/annonce-45367-firdawsi-automobile.html","60.000  FCFA","Offre d'un particulier à Dakar","media/annonces/pics/be1e49430d9fc5e376d38f54bd7f65cb.png","Ford edge 

Mazda cx5"
"1738686817-143","https://dakarvente.com/index.php?page=annonces_categorie&id=8&sort=&nb=1","Firdawsi automobile","https://www.dakarvente.com/annonce-45368-firdawsi-automobile.html","90.000  FCFA","Offre d'un particulier à Dakar","media/annonces/pics/a1d81fe67c2f6eadcbc67f082d4a4d11.jpeg","Jeep cheroqee"
"1738686833-144","https://dakarvente.com/index.php?page=annonces_categorie&id=8&sort=&nb=1","Firdawsi automobile","https://www.dakarvente.com/annonce-45370-firdawsi-automobile.html","","","",""
"1738686838-145","https://dakarvente.com/index.php?page=annonces_categorie&id=8&sort=&nb=1","Firdawsi automobile","https://www.dakarvente.com/annonce-45371-firdawsi-automobile.html","","","",""
"1738686842-146","https://dakarvente.com/index.php?page=annonces_categorie&id=8&sort=&nb=1","Firdawsi automobile","https://www.dakarvente.com/annonce-45372-firdawsi-automobile.html","","","",""
"1738686848-147","https://dakarvente.com/index.php?page=annonces_categorie&id=8&sort=&nb=1","Firdawsi automobile","https://www.dakarvente.com/annonce-45373-firdawsi-automobile.html","","","",""
"1738686855-148","https://dakarvente.com/index.php?page=annonces_categorie&id=8&sort=&nb=1","Firdawsi automobile","https://www.dakarvente.com/annonce-45374-firdawsi-automobile.html","35.000  FCFA","Offre d'un particulier à Dakar","media/annonces/pics/95f0b7d5221be5423ea2c2bfeb697d40.jpeg","Fusion 2015 ou 2016"
"1738686862-149","https://dakarvente.com/index.php?page=annonces_categorie&id=8&sort=&nb=1","Firdawsi automobile","https://www.dakarvente.com/annonce-45375-firdawsi-automobile.html","35.000  FCFA","Offre d'un particulier à Dakar","media/annonces/pics/b17fc8ce6914866b44a07de24f2bd97d.jpeg","Ford fusion 2015"
"1738686873-150","https://dakarvente.com/index.php?page=annonces_categorie&id=8&sort=&nb=1","Firdawsi automobile","https://www.dakarvente.com/annonce-45377-firdawsi-automobile.html","40.000  FCFA","Offre d'un particulier à Dakar","media/annonces/pics/4ea18e842da78cd0be6915f0bc8ea176.jpeg","Hyundai grandeur"
"1738686884-151","https://dakarvente.com/index.php?page=annonces_categorie&id=8&sort=&nb=1","Firdawsi automobile","https://www.dakarvente.com/annonce-45378-firdawsi-automobile.html","40.000  FCFA","Offre d'un particulier à Dakar","media/annonces/pics/9d3a6a2b49fad05a7893e83fed9b70d4.jpeg","Hyundai grandeur"
"1738686888-152","https://dakarvente.com/index.php?page=annonces_categorie&id=8&sort=&nb=1","Firdawsi automobile","https://www.dakarvente.com/annonce-45379-firdawsi-automobile.html","","","",""
"1738686893-153","https://dakarvente.com/index.php?page=annonces_categorie&id=8&sort=&nb=1","Firdawsi automobile","https://www.dakarvente.com/annonce-45380-firdawsi-automobile.html","","","",""
"1738686899-154","https://dakarvente.com/index.php?page=annonces_categorie&id=8&sort=&nb=1","Firdawsi automobile","https://www.dakarvente.com/annonce-45382-firdawsi-automobile.html","","","",""
"1738686902-155","https://dakarvente.com/index.php?page=annonces_categorie&id=8&sort=&nb=1","Firdawsi automobile","https://www.dakarvente.com/annonce-45383-firdawsi-automobile.html","","","",""
"1738686907-156","https://dakarvente.com/index.php?page=annonces_categorie&id=8&sort=&nb=1","Firdawsi automobile","https://www.dakarvente.com/annonce-45384-firdawsi-automobile.html","","","",""
"1738686939-157","https://dakarvente.com/index.php?page=annonces_categorie&id=8&sort=&nb=1","Hyundai Sonata 2018","https://www.dakarvente.com/annonce-45547-hyundai-sonata-2018.html","35.000  FCFA","Offre d'un particulier à Almadies","media/annonces/pics/93b4b66b1fa0b6a9f408d4d27c3804d7.jpeg","Je loue ma Hyundai Sonata 2018

Transmission : automatique

Source d'énergie : Essence

Full option, clé let's Go Start-Stop

Mode Eco

Toiture ouvrant

Intérieur en cuir

Grand écran tactile, Caméra de recul, radars

Commande au volant

Système de navigation, infos, Bluetooth téléphonique, kit multimédia, radio CD, usb, prise audio auxiliaires

Rétroviseurs électriques clignotants

Vitres électriques

Feux Led Antibrouillards

Jantes Alu

Verrouillage centralisé des portes

Révision complète à 142000 km

Si vous êtes intéressés ou souhaitez plus d'informations, contactez mo"
"1738686949-158","https://dakarvente.com/index.php?page=annonces_categorie&id=8&sort=&nb=1","BUS A LOUER AVEC CHAUFFEUR","https://www.dakarvente.com/annonce-45866-bus-a-louer-avec-chauffeur.html","60.000  FCFA","Offre d'un particulier à Pikine","media/annonces/pics/44d0fb4f95a4ef7ecbb15e57c188a920.jpeg","BUS DE 11 ET 12 PLACE À LOUER AVEC CHAUFFEUR POUR VIS DÉPLACEMENT"
"1738686953-159","https://dakarvente.com/index.php?page=annonces_categorie&id=8&sort=&nb=1","Location Ford Escape titanium 2014","https://www.dakarvente.com/annonce-45868-location-ford-escape-titanium-2014.html","","","",""
"1738686957-160","https://dakarvente.com/index.php?page=annonces_categorie&id=8&sort=&nb=1","Subaru forester","https://www.dakarvente.com/annonce-45973-subaru-forester.html","","","",""
"1738686962-161","https://dakarvente.com/index.php?page=annonces_categorie&id=8&sort=&nb=1","Firdawsi automobile","https://www.dakarvente.com/annonce-45381-firdawsi-automobile.html","","","",""
"1738686968-162","https://dakarvente.com/index.php?page=annonces_categorie&id=8&sort=&nb=1","Dodge caravan","https://www.dakarvente.com/annonce-47137-dodge-caravan.html","","","",""
"1738686978-163","https://dakarvente.com/index.php?page=annonces_categorie&id=8&sort=&nb=1","Location voiture","https://www.dakarvente.com/annonce-48228-location-voiture.html","25.000  FCFA","Offre d'un particulier à Mamelles","img/nophoto.png","Ford fusion location minimum 3 jours"
"1738686996-164","https://dakarvente.com/index.php?page=annonces_categorie&id=8&sort=&nb=1","Location de voitures","https://www.dakarvente.com/annonce-49955-location-de-voitures.html","35.000  FCFA","Offre d'un particulier à Dakar","media/annonces/pics/13ca996faa99800ae6571db419efa980.jpg","*LOCATION DECEMBRE DISPO!!*

Tout type de voitures dispo pour location a partir de *35.000f/ jour et a partir de 3 jours*

*- Faites vite vos reservations!! Noel C'est maintenant!!"
