web-scraper-order,web-scraper-start-url,links,links-href,marque,price,adresse,image-link-src
"1738752935-1","https://dakarvente.com/index.php?page=annonces_categorie&id=8&sort=&nb=5","Location d'une citroen c4","https://www.dakarvente.com/annonce-437-location-d-une-citroen-c4.html","","20.000  FCFA","Offre d'un particulier à Plateau","media/annonces/pics/a86bdb3107f5ddda48690f79dac478e3.jpg"
"1738752958-2","https://dakarvente.com/index.php?page=annonces_categorie&id=8&sort=&nb=5","Location de voitures et mini bus avec chauffeur","https://www.dakarvente.com/annonce-648-location-de-voitures-et-mini-bus-avec-chauffeur.html","Description : 
Dabakh Location vous propose une gamme de voitures et mini bus diversifiée avec chauffeur à des prix très compétitifs pour assurer vos déplacements et excursions dans le cadre de vos activités ou de votre usage personnel.","50.000  FCFA","Offre d'un professionnel à Plateau","media/annonces/pics/baf6b26075945f9226489851936d8d65.jpg"
"1738752975-3","https://dakarvente.com/index.php?page=annonces_categorie&id=8&sort=&nb=5","Sen service location loue des voiture des marques","https://www.dakarvente.com/annonce-702-sen-service-location-loue-des-voiture-des-marques.html","Description : 
Sen service location loue des voiture des marques a prix occationnelle

Nissan rogue ,hyundai santafe ,peugeot 308,totota yaris ,ford scape etc…","30.000  FCFA","Offre d'un professionnel à Plateau","media/annonces/pics/15ea8355bee0950e2b7f50a9ad50b086.jpg"
"1738752982-4","https://dakarvente.com/index.php?page=annonces_categorie&id=8&sort=&nb=5","Toyota yaris sedan","https://www.dakarvente.com/annonce-1233-toyota-yaris-sedan.html","","20.000  FCFA","Offre d'un particulier à Plateau","media/annonces/pics/2edb1d489a6de9f9c188533b89c779ca.jpg"
"1738752991-5","https://dakarvente.com/index.php?page=annonces_categorie&id=8&sort=&nb=5","Nissan juke","https://www.dakarvente.com/annonce-1377-nissane-juke.html","Description : 
Location véhicule","50.000  FCFA","Offre d'un particulier à Plateau","media/annonces/pics/efc3fa21f902e1e8691a6d23e14eb5d8.jpg"
"1738753005-6","https://dakarvente.com/index.php?page=annonces_categorie&id=8&sort=&nb=5","Toyota sequoia v8 a louer","https://www.dakarvente.com/annonce-2070-toyota-sequoia-v8-a-louer.html","","100.000  FCFA","Offre d'un particulier à Plateau","media/annonces/pics/516fe4d4d1e6c03dbbf60241d5bbeeaa.jpg"
"1738753016-7","https://dakarvente.com/index.php?page=annonces_categorie&id=8&sort=&nb=5","Location  nissan juke","https://www.dakarvente.com/annonce-1378-location-nissan-juke.html","Description : 
Location auto","50.000  FCFA","Demande d'un particulier à Plateau","img/nophoto.png"
"1738753036-8","https://dakarvente.com/index.php?page=annonces_categorie&id=8&sort=&nb=5","Bateau à louer","https://www.dakarvente.com/annonce-3079-bateau-louer.html","","90.000  FCFA","Offre d'un particulier à Somone","media/annonces/pics/f3fe90a0ee4bb8c0e3232774052718cf.jpg"
"1738753043-9","https://dakarvente.com/index.php?page=annonces_categorie&id=8&sort=&nb=5","ORGANISEUR POUR VOITURE","https://www.dakarvente.com/annonce-3352-organiseur-pour-voiture.html","Description : 
Vous l’accrochez facilement à l’appuie-tête d’un des sièges avant.



Caractéristiques:



Matière: Polyester



Dimensions: 56 x 42 cm



Couleur:  Noir","8.500  FCFA","Offre d'un professionnel à Dakar","media/annonces/pics/ff283a4ef0e2c75c782ee031ba194f63.jpg"
"1738753057-10","https://dakarvente.com/index.php?page=annonces_categorie&id=8&sort=&nb=5","Location véhicules","https://www.dakarvente.com/annonce-4687-location-vhicules-louer.html","Description : 
Voitures climatisés et comfortable à louer à partir de 25 mil la journée pour vos séjour à Dakar et dans les régions","25.000  FCFA","Offre d'un particulier à Amitié","media/annonces/pics/1ac9aec248070b20d0d0d3946f417174.jpeg"
"1738753085-11","https://dakarvente.com/index.php?page=annonces_categorie&id=8&sort=&nb=5","Chevrolet Equinoxe à louer","https://www.dakarvente.com/annonce-4756-darou-rakhmane-trading-location-de-chevrolet-quinoxe.html","Description : 
DAROU RAKHMANE TRADING LOUE DES VOITURES DE TOUTES MARQUES A DES PRIX IMBATTABLES","","Offre d'un particulier à Nord Foire","media/annonces/pics/6bf0b7a2e5e0675b57a4494a621a14dc.jpg"
"1738753104-12","https://dakarvente.com/index.php?page=annonces_categorie&id=8&sort=&nb=5","Location de Ford focus","https://www.dakarvente.com/annonce-4757-darou-rakhmane-trading-location-de-ford-focus.html","Description : 
DAROU RAKHMANE TRADING loue des voitures de toutes marques à des prix bas","40.000  FCFA","Offre d'un particulier à Nord Foire","media/annonces/pics/f4610e2a44faba5ea20348be8ba5a2a1.jpg"
"1738753117-13","https://dakarvente.com/index.php?page=annonces_categorie&id=8&sort=&nb=5","DAROU RAKHMANE TRADING location de voiture","https://www.dakarvente.com/annonce-4877-darou-rakhmane-trading-location-de-voiture.html","Description : 
DAROU RAKHMANE TRADING  loue des Voitures de toute marque à des prix bas","","Offre d'un particulier à Nord Foire","media/annonces/pics/463970366b8932f017e800c2d0766bb5.jpg"
"1738753126-14","https://dakarvente.com/index.php?page=annonces_categorie&id=8&sort=&nb=5","4 x 4 Renault Dacia Duster à louer","https://www.dakarvente.com/annonce-4939-4-x-4-renault-dacia-duster-a-louer.html","Description : 
4 x 4 Renault Dacia Duster A louer



30 000 CFA a journee, soit 46 euros.



tel.77 057 30 43 ou 77 455 63 18","30.000  FCFA","Offre d'un particulier à Somone","media/annonces/pics/8aee50931178b4da412eddb89eea6e94.jpg"
"1738753137-15","https://dakarvente.com/index.php?page=annonces_categorie&id=8&sort=&nb=5","Subaru legacy limited","https://www.dakarvente.com/annonce-5219-subaru-legacy-limited.html","Description : 
SUBARU LEGACY LIMITED Sport PKG-AWD-CUIR-

Année 2012 Venant des USA automatique, Essence, 4 Cylindres, toit ouvrant, téléphone intégré, Bluetooth clé USB full option

-Trés Propre  

Minimum 03 jours et les longues durées . Prix dégressif","35.000  FCFA","Offre d'un particulier à Liberté 6","media/annonces/pics/04703456943d79c028e0695b1865c1f2.jpg"
"1738753145-16","https://dakarvente.com/index.php?page=annonces_categorie&id=8&sort=&nb=5","location de voitures","https://www.dakarvente.com/annonce-5312-location-de-voiture.html","Description : 
location de voitures de toutes marques. plus d'infos, contacter taif mutiservice.","","Offre d'un particulier à Point E","media/annonces/pics/41eb4a9fdf7fe7f81997b0996ed5053e.jpg"
"1738753152-17","https://dakarvente.com/index.php?page=annonces_categorie&id=8&sort=&nb=5","VENTE DE VOITURES","https://www.dakarvente.com/annonce-5313-vente-de-voitures.html","Description : 
 vente de voiture toutes les marques sont disponibles.

Plus d'infos contactez nous","","Offre d'un particulier à Point E","media/annonces/pics/0202bca751d63fde1fab79a4ce8c77a1.jpg"
"1738753159-18","https://dakarvente.com/index.php?page=annonces_categorie&id=8&sort=&nb=5","Location de voitures toutes marques","https://www.dakarvente.com/annonce-5637-l-occasion-de-voiture-tout-marque.html","Description : 
Location de voitures toutes marques disponible chez ndiaye service","","Offre d'un particulier à Grand Dakar","media/annonces/pics/2c6d62fc48f2fdff40d293c6a404d6a9.jpg"
"1738753173-19","https://dakarvente.com/index.php?page=annonces_categorie&id=8&sort=&nb=5","location de voiture","https://www.dakarvente.com/annonce-5671-location-de-voiture.html","Description : 
Location de voiture de toutes marques. plus d'infos, contacter taif multiservice.","","Offre d'un particulier à Point E","media/annonces/pics/03873d968751937dd0b6f20804410f2b.jpg"
"1738753191-20","https://dakarvente.com/index.php?page=annonces_categorie&id=8&sort=&nb=5","LOCATION VOITURE  DIESEL LUXUEUSE ET CLIMATISÉE","https://www.dakarvente.com/annonce-5907-location-voiture-diesel-luxueuse-et-climatise.html","Description : 
Pour vos séjours et déplacement à Dakar et dans les régions ,nous vous proposons des voitures diesels luxueuses et climatisées

35 m de l'aéroport Dakar avec le chauffeur à 35 000f/jour

Dans les régions à 50 000f/jour","35.000  FCFA","Offre d'un particulier à Dakar","media/annonces/pics/ced103919cdfd3208897cea2c04ec58c.jpeg"
"1738753202-21","https://dakarvente.com/index.php?page=annonces_categorie&id=8&sort=&nb=5","A louer Chevrolet Cruze","https://www.dakarvente.com/annonce-7020-a-louer-chevrolet-cruze.html","Description : 
À louer Chevrolet Cruze, boîte manuelle 6 vitesses, très économique. Climatisée.

Un bijou à conduire.

25.000 f par jour.

Forfait pour une location de moyenne et longue durée .","25.000  FCFA","Offre d'un particulier à Dakar","media/annonces/pics/f7d843ac78eb236c45858001e1b214aa.jpg"
"1738753225-22","https://dakarvente.com/index.php?page=annonces_categorie&id=8&sort=&nb=5","LOCATION DE VEHICULES","https://www.dakarvente.com/annonce-8296-location-de-vehicules.html","Description : 
Location FORD FOCUS 2012 essence, automatique, en très bon état. Nous avons également d'autres véhicules à des prix abordables. Pour plus de détails , nous vous prions de bien vouloir nous appeler. Merci!

NB: Le prix est négociable à partir de 10 jours.","25.000  FCFA","Offre d'un particulier à Golf","media/annonces/pics/6be3ce251106e60820a84b53b8124812.jpg"
"1738753235-23","https://dakarvente.com/index.php?page=annonces_categorie&id=8&sort=&nb=5","Location de voitures automatiques","https://www.dakarvente.com/annonce-8866-location-de-voitures-automatiques.html","Description : 
Location de voitures automatiques tout genre a partir de 30.000f: jour.

Contact Appel ou Whatsapp: 

782718278 ou 764823888.","30.000  FCFA","Offre d'un particulier à Biscuiterie","media/annonces/pics/d3ce551e6901cfa93733794e172d7417.jpeg"
"1738753272-24","https://dakarvente.com/index.php?page=annonces_categorie&id=8&sort=&nb=4","Location de voiture","https://www.dakarvente.com/annonce-9337-location-de-voiture.html","Description : 
Location vente de voiture de toutes marques. 

plus d'informations contactez nous","1  FCFA","Offre d'un particulier à Point E","media/annonces/pics/2693d95e11ea50b877350d5ab60f3554.jpg"
"1738753286-25","https://dakarvente.com/index.php?page=annonces_categorie&id=8&sort=&nb=4","Location PICK UP L200","https://www.dakarvente.com/annonce-9392-location-pick-up-l200.html","Description : 
Bonjour, je loue ma L200 très propre en bon état avec un chauffeur respectueux, galant pour vos courses à un prix nul pas ailleurs; disponibilité immédiate, partout au sénégal.","30.000  FCFA","Offre d'un particulier à Dakar","media/annonces/pics/d3870e7cd63147e18b573d867888f32a.jpg"
"1738753295-26","https://dakarvente.com/index.php?page=annonces_categorie&id=8&sort=&nb=4","Location Ford Focus","https://www.dakarvente.com/annonce-9494-location-ford-focus.html","Description : 
Je loue un Ford Focus automatique essence disponible pour tout vos déplacements Dakar et hors Dakar","25.000  FCFA","Offre d'un particulier à Parcelles assainies","media/annonces/pics/83f66fde220622bf834c628664665ace.jpeg"
"1738753320-27","https://dakarvente.com/index.php?page=annonces_categorie&id=8&sort=&nb=4","Ford Transit utilitaire Van R.A.S","https://www.dakarvente.com/annonce-9536-ford-transit-utilitaire-van-ras.html","Description : 
✓Date d'immatriculation au Sénégal: 08/12/2016.

FORD Transit Van (Fourgonnette)

Boite Manuelle.

Carburant Diesel.

Année 2007

Cylindrée: 2402 Cm³

Nbre de Places: 03

PTAC: (Poids Total Autorisé en charge) 3,5 Tonnes.

PV (Poids à vide du véhicule): 1,943 Tonnes.

CU (Charge Utile) : 1,557 Tonnes.

Prix: À débattre...","3.800.000  FCFA","Offre d'un particulier à Dakar","media/annonces/pics/4181c7c4000153ee213588aa613044d8.jpg"
"1738753329-28","https://dakarvente.com/index.php?page=annonces_categorie&id=8&sort=&nb=4","Location voiture","https://www.dakarvente.com/annonce-9628-location-voiture.html","Description : 
Location vente de voiture de toutes marques. 

plus d'informations contactez nous","1  FCFA","Offre d'un particulier à Point E","media/annonces/pics/861fa614aaf58719664d5a9420320a77.jpg"
"1738753337-29","https://dakarvente.com/index.php?page=annonces_categorie&id=8&sort=&nb=4","location d'une camionnette","https://www.dakarvente.com/annonce-9670-location-d-une-camionnette.html","Description : 
location d'une camionnette Mitsubishi Canter  à 60 000 fr/jr avec chauffeur.

Poids 6 tonnes 

Convenable pour le transport de marchandises, meubles,...","60.000  FCFA","Offre d'un particulier à Dakar","media/annonces/pics/71f159ec68baa919a2931af6e821eb3c.jpg"
"1738753346-30","https://dakarvente.com/index.php?page=annonces_categorie&id=8&sort=&nb=4","Location Toyota Hiace High Roof","https://www.dakarvente.com/annonce-9722-location-toyota-hiace-high-roof.html","Description : 
Bonjour je mets en Location ma voiture de marque Toyota HIACE modèle HIGH ROOF de 16 places avec chauffeur y compris, climatisée en très bon état comme sur la photo avec chauffeur bilingue pour vos excursions touristiques, déplacement à l’aéroport DAKAR - AIBD- DAKAR voire transfert de personnels. Propre bien entretenue.

Découverte touristique

Cérémonies

Publicité Mobile

Longue durée de préférence aussi le prix peut varier suivant la destination

Visibilité à Dakar avec WIFI à bord. Merci","50.000  FCFA","Offre d'un particulier à Dakar","media/annonces/pics/46c969c80e17724a6d0399e1e94ef6ef.jpg"
"1738753354-31","https://dakarvente.com/index.php?page=annonces_categorie&id=8&sort=&nb=4","Location de voiture","https://www.dakarvente.com/annonce-10567-location-de-voiture.html","Description : 
Location vente de voiture de toutes marques. 

plus d'informations contactez nous","","Offre d'un particulier à Dakar","media/annonces/pics/3ee330d5f03181485a3cea5833e69242.jpg"
"1738753379-32","https://dakarvente.com/index.php?page=annonces_categorie&id=8&sort=&nb=4","Voiture à louer","https://www.dakarvente.com/annonce-10576-voiture-louer.html","Description : 
Hyundai elantra automatique à louer

Année : 2013

Carburant : essence

Clim et bluetooth","30.000  FCFA","Offre d'un particulier à Liberté 6","media/annonces/pics/09d53647984c3d7f0b764258a2e97587.jpg"
"1738753392-33","https://dakarvente.com/index.php?page=annonces_categorie&id=8&sort=&nb=4","Location auto Toyota pickup 4X4","https://www.dakarvente.com/annonce-10844-location-auto-toyota-pickup-4x4.html","","","",""
"1738753404-34","https://dakarvente.com/index.php?page=annonces_categorie&id=8&sort=&nb=4","Voiture à louer","https://www.dakarvente.com/annonce-10857-voiture-louer.html","Description : 
Ford Camry  automatique à louer à liberté 6 extension

Année : 2012

Carburant : essence

Climatiseur

Infos : 778287788/778125552

Conditions : 48h au minimum","35.000  FCFA","Offre d'un particulier à Liberté 6","media/annonces/pics/cb2af9475592721e24c6bd8e23b26247.jpg"
"1738753418-35","https://dakarvente.com/index.php?page=annonces_categorie&id=8&sort=&nb=4","Location véhicule + chauffeur","https://www.dakarvente.com/annonce-10977-location-vhicule-chauffeur.html","Description : 
Location véhicule + chauffeur

Essence automatique","30.000  FCFA","Offre d'un particulier à Castors","media/annonces/pics/c85b445746abba358fa397ad3bbdde95.jpg"
"1738753436-36","https://dakarvente.com/index.php?page=annonces_categorie&id=8&sort=&nb=4","Location véhicule + chauffeur","https://www.dakarvente.com/annonce-10997-location-vhicule-chauffeur.html","Description : 
Location véhicule + chauffeur si vous le souhaitez.

Essence automatique","30.000  FCFA","Offre d'un particulier à Castors","media/annonces/pics/50b558537b42d2d0b28e38ae40269c34.jpg"
"1738753465-37","https://dakarvente.com/index.php?page=annonces_categorie&id=8&sort=&nb=4","Location minibus Toyota Hiace 14 places","https://www.dakarvente.com/annonce-11119-location-minibus-toyota-hiace-14-places.html","Description : 
Nous mettons en location des bus et minibus 14 et 12 places en location avec chauffeur professionnel pour vos déplacements à l’aéroport et partout au Sénégal . Svp veiller nous contacter pour plus de renseignements sur nos tarifs et conditions.","50.000  FCFA","Offre d'un particulier à Yoff","media/annonces/pics/b07d34237b2718ac1eb59ab80101e1a9.jpg"
"1738753474-38","https://dakarvente.com/index.php?page=annonces_categorie&id=8&sort=&nb=4","location de voitures","https://www.dakarvente.com/annonce-11781-location-de-voitures.html","Description : 
Location et vente de voiture chez taif automobile 

nous avons plusieurs marques différentes des voitures de luxe très confortable.pour la location a nous couvrons inversement de dakar à diass à de très  bons prix ...","1  FCFA","Offre d'un particulier à Point E","media/annonces/pics/16f99acb79687cd246852ada73ba4923.jpg"
"1738753510-39","https://dakarvente.com/index.php?page=annonces_categorie&id=8&sort=&nb=4","Location de voiture avec chauffeur","https://www.dakarvente.com/annonce-11866-location-de-voiture-avec-chauffeur.html","Description : 
Bonjour! 

Nous vous offrons un service de Location de voiture avec chauffeur professionnel pour vos deplacements, ceremonies, navette Dkr-Aibd-Dkr.","20.000  FCFA","Offre d'un particulier à Almadies",""
"1738753525-40","https://dakarvente.com/index.php?page=annonces_categorie&id=8&sort=&nb=4","Location & vente de voiture","https://www.dakarvente.com/annonce-11923-location-vente-de-voiture.html","Description : 
Location et vente de voiture chez taif automobile 

nous avons plusieurs marques différentes des voitures de luxe très confortable.pour la location a nous couvrons inversement de dakar à diass à de très  bons prix ...","1  FCFA","Offre d'un particulier à Point E","media/annonces/pics/ab9bad02ee17f90c58479e4407eef6fc.jpg"
"1738753544-41","https://dakarvente.com/index.php?page=annonces_categorie&id=8&sort=&nb=4","Ventes et locations de véhicules","https://www.dakarvente.com/annonce-12274-ventes-et-locations-de-vhicules.html","Description : 
Salam nous mettons en locations des véhicules a tous vos goûts de marques (508 , Renault Duster )française comme américaine (Ford, Hyundai..)","350.000  FCFA","Offre d'un particulier à Rufisque","media/annonces/pics/8834dcd95bb8e252ab1bbb11a0cd3287.jpeg"
"1738753555-42","https://dakarvente.com/index.php?page=annonces_categorie&id=8&sort=&nb=4","Location de voitures","https://www.dakarvente.com/annonce-12327-location-de-voitures.html","Description : 
Location de tous genres de voitures en longue durée LLD de berline suv 4x4 pick up et tout autres genres, avec ou sans chauffeur, possibilités de réduction pour longue durée. véhicules climatisées et confort garantie. contactez nous pour plus de renseignements tarification mensuelle trimestrielle ou annuelle disponible tarif variable selon la durée celui ci est à titre indicatif

joignable aussi par whatsapp","22.500  FCFA","Offre d'un particulier à Grand Yoff","media/annonces/pics/e9abc0214190f1882243bcf619d249af.jpeg"
"1738753565-43","https://dakarvente.com/index.php?page=annonces_categorie&id=8&sort=&nb=4","Location et vente de voiture","https://www.dakarvente.com/annonce-12439-location-et-vente-de-voiture.html","Description : 
Location et vente de voiture chez taif automobile 

nous avons plusieurs marques différentes des voitures de luxe très confortable.pour la location a nous couvrons inversement de dakar à diass à de très  bons prix .","1  FCFA","Offre d'un particulier à Point E","media/annonces/pics/b40fa52e9a95b4b426399b8e9f4bd278.jpg"
"1738753578-44","https://dakarvente.com/index.php?page=annonces_categorie&id=8&sort=&nb=4","Location de voiture","https://www.dakarvente.com/annonce-12500-location-de-voiture.html","Description : 
location de voiture Hyundai Santa Fe  Essence  v4 très peu de consommation","35.000  FCFA","Offre d'un particulier à Nord Foire","media/annonces/pics/c38aa787916e6cf5023248a00faac531.jpeg"
"1738753596-45","https://dakarvente.com/index.php?page=annonces_categorie&id=8&sort=&nb=4","Location/vente de voiture","https://www.dakarvente.com/annonce-12892-location-vente-de-voiture.html","Description : 
Location et vente de voiture chez taif automobile 

nous avons plusieurs marques différentes des voitures de luxe très confortable.pour la location a nous couvrons inversement de dakar à diass à de très  bons prix.contact:33 824 02 43/771339733","1  FCFA","Offre d'un particulier à Point E","media/annonces/pics/afc2f5f630d7aa7adb7824ace4603726.jpg"
"1738753609-46","https://dakarvente.com/index.php?page=annonces_categorie&id=8&sort=&nb=4","Location/vente de voiture","https://www.dakarvente.com/annonce-12989-location-vente-de-voiture.html","Description : 
location et vente de voiture chez taif automobile 

nous avons plusieurs marques différentes des voitures de luxe très confortable.pour la location a nous couvrons inversement de dakar à diass à de très  bons prix.contact:33 824 02 43/771339733","1  FCFA","Offre d'un particulier à Point E","media/annonces/pics/816710e747108aa81c42cffc1b8161ef.jpg"
"1738753621-47","https://dakarvente.com/index.php?page=annonces_categorie&id=8&sort=&nb=4","Location Ford Fusion SE Toutes options","https://www.dakarvente.com/annonce-13090-location-ford-fusion-se-toutes-options.html","Description : 
Tarifs location :



A partir de 22.500f / jour pour 1 mois



Ford Fusion 



Minimum 3 jours



Journée : 35.000f

Forfait week-end : 100.000f

Forfait semaine : 200.000f

Forfait mois : 675.000f





Age minimum 25 ans 

2 ans de permis minimum","22.500  FCFA","Offre d'un particulier à Almadies","media/annonces/pics/8ae384b19b1e037cc594452892e37498.jpg"
"1738753635-48","https://dakarvente.com/index.php?page=annonces_categorie&id=8&sort=&nb=4","Location et vente de voiture","https://www.dakarvente.com/annonce-13160-location-et-vente-de-voiture.html","Description : 
Location et vente de voiture chez taif automobile 

nous avons plusieurs marques différentes des voitures de luxe très confortable.pour la location a nous couvrons inversement de dakar à diass à de très  bons prix ...","1  FCFA","Offre d'un particulier à Point E","media/annonces/pics/7dac82bf86429a41dce3e23e4d16b317.jpg"
"1738753644-49","https://dakarvente.com/index.php?page=annonces_categorie&id=8&sort=&nb=4","Location de voitures","https://www.dakarvente.com/annonce-13249-location-de-voitures.html","Description : 
Location de tous genres de voitures en longue durée LLD de berline suv 4x4 pick up et tout autres genres, avec ou sans chauffeur, possibilités de réduction pour longue durée. véhicules climatisées et confort garantie. contactez nous pour plus de renseignements tarification mensuelle trimestrielle ou annuelle disponible tarif variable selon la durée celui ci est à titre indicatif

Durée minimale 03 jours 

Sauf transfert avec chauffeur

joignable aussi par whatsapp","22.500  FCFA","Offre d'un particulier à Liberté 6","media/annonces/pics/5447bed7d0a89649731400f224443f4f.jpeg"
"1738753655-50","https://dakarvente.com/index.php?page=annonces_categorie&id=8&sort=&nb=4","Location et vente de voiture","https://www.dakarvente.com/annonce-13250-location-et-vente-de-voiture.html","Description : 
Location et vente de voiture chez taif automobile 

nous avons plusieurs marques différentes des voitures de luxe très confortable.pour la location a nous couvrons inversement de dakar à diass à de très  bons prix.contact","1  FCFA","Offre d'un particulier à Point E","media/annonces/pics/9adccb424c8f69811c4487dd6631a09c.jpg"
"1738753664-51","https://dakarvente.com/index.php?page=annonces_categorie&id=8&sort=&nb=4","Location et vente de voiture","https://www.dakarvente.com/annonce-13776-location-et-vente-de-voiture.html","Description : 
Location et vente de voiture plusieurs marques différentes des voitures de luxe très confortable la location a nous couvrons inversement très  bons prix - dakar à diass.","1  FCFA","Offre d'un particulier à Point E","media/annonces/pics/6721dc3594bb10bfba8474d4c58a04af.jpg"
"1738753674-52","https://dakarvente.com/index.php?page=annonces_categorie&id=8&sort=&nb=4","Location et Vente de voitures","https://www.dakarvente.com/annonce-13825-location-et-vente-de-voitures.html","Description : 
Location et vente de voiture plusieurs marques différentes des voitures de luxe très confortable la location a nous couvrons inversement très  bons prix - dakar à diass.","1  FCFA","Offre d'un particulier à Point E","media/annonces/pics/c3f2fd7d2368fc120ffa8419c671338d.jpg"
"1738753683-53","https://dakarvente.com/index.php?page=annonces_categorie&id=8&sort=&nb=4","Location peugeot 508 avec chauffeur","https://www.dakarvente.com/annonce-13846-location-peugeot-508-avec-chauffeur.html","Description : 
Location peugeot 508 climatisée avec chauffeur, Dakar-AIBD / AIBD-Dakar","25  FCFA","Offre d'un particulier à Keur Massar","media/annonces/pics/b121b3382f2fe451c70433af9b5bf4e6.jpg"
"1738753694-54","https://dakarvente.com/index.php?page=annonces_categorie&id=8&sort=&nb=4","Location de voiture avec ou sans chauffeur","https://www.dakarvente.com/annonce-14292-location-de-voiture-avec-ou-sans-chauffeur.html","Description : 
Plusieurs véhicules à louer FORD, BMW NISSAN.

Manuelle ou Automatique

Avec ou sans chauffeur



Véhicules propres et fonctionnels venant du Canada



Véhicules mis à votre disposition à partir de 20 000CFA par jour.



Rouler en tout confort et sécurité avec une de nos voitures!



Toutes climatisées et à faible consommation d'essence



Apellez ou textes pour une reservation rapide 24hres sur 24H du lundi au dimanche!","20.000  FCFA","Offre d'un particulier à Thiès","media/annonces/pics/796144b9d8cebe872d29e52ae5f8fe7d.jpg"
"1738753713-55","https://dakarvente.com/index.php?page=annonces_categorie&id=8&sort=&nb=4","Location voiture Ford Escape 2011","https://www.dakarvente.com/annonce-14556-location-voiture-ford-escape-2011.html","Etat :
Neuf","40.000  FCFA","Offre d'un particulier à Ouakam","media/annonces/pics/ef0ec254b16b01753ea4422825cf52db.jpeg"
"1738753729-56","https://dakarvente.com/index.php?page=annonces_categorie&id=8&sort=&nb=4","AUTO-ECOLE","https://www.dakarvente.com/annonce-14729-auto-ecole.html","Etat :
Neuf","1  FCFA","Offre d'un professionnel à Point E","media/annonces/pics/b86b2ab5a68c0c8f384ffec283ec4c14.jpeg"
"1738753734-57","https://dakarvente.com/index.php?page=annonces_categorie&id=8&sort=&nb=4","Auto-école","https://www.dakarvente.com/annonce-14783-auto-cole.html","Etat :
Neuf","1  FCFA","Offre d'un professionnel à Point E","media/annonces/pics/7ee6366d1c989cfabb720c081ddc4458.jpeg"
"1738753743-58","https://dakarvente.com/index.php?page=annonces_categorie&id=8&sort=&nb=4","Auto-école","https://www.dakarvente.com/annonce-14835-auto-cole.html","Etat :
Neuf","1  FCFA","Offre d'un professionnel à Point E","media/annonces/pics/fe0d66dcbf20e539b5e92cf90f18acf4.jpeg"
"1738753753-59","https://dakarvente.com/index.php?page=annonces_categorie&id=8&sort=&nb=4","Hyundai Santa Fe 2015 7 Places","https://www.dakarvente.com/annonce-15092-hyundai-santa-fe-2015-7-places.html","Etat :
Occasion","50.000  FCFA","Offre d'un particulier à Plateau","media/annonces/pics/435e8567799ae4679a5bf8669316f727.jpeg"
"1738753764-60","https://dakarvente.com/index.php?page=annonces_categorie&id=8&sort=&nb=4","Kia Sorento à louer","https://www.dakarvente.com/annonce-16693-kia-sorento-louer.html","Etat :
Occasion","35.000  FCFA","Offre d'un particulier à Sicap liberté","media/annonces/pics/5fe2c39df0696bf785bca141064e934e.jpeg"
"1738753772-61","https://dakarvente.com/index.php?page=annonces_categorie&id=8&sort=&nb=4","Location de véhicule","https://www.dakarvente.com/annonce-16867-location-de-vhicule.html","Etat :
Occasion","40.000  FCFA","Offre d'un particulier à Dakar","media/annonces/pics/bca0d8e1a27852ee316fa7ec2e0a419b.jpg"
"1738753798-62","https://dakarvente.com/index.php?page=annonces_categorie&id=8&sort=&nb=4","Location de véhicule","https://www.dakarvente.com/annonce-19134-location-de-vhicule.html","Etat :
Occasion","15.000  FCFA","Offre d'un particulier à Ouakam","img/nophoto.png"
"1738753829-63","https://dakarvente.com/index.php?page=annonces_categorie&id=8&sort=&nb=3","Location Peugeot Partenaire","https://www.dakarvente.com/annonce-19144-location-peugeot-partenaire.html","Description : 
Location longue durée d'une Peugeot Partenaire à Dakar","25.000  FCFA","Offre d'un particulier à Almadies","media/annonces/pics/dc77f6009bad26e44286410abce2d895.jpg"
"1738753839-64","https://dakarvente.com/index.php?page=annonces_categorie&id=8&sort=&nb=3","Location Pick up Mitsubishi","https://www.dakarvente.com/annonce-19234-location-pick-up-mitsubishi.html","Etat :
Occasion","40.000  FCFA","Offre d'un particulier à Bene Tally","media/annonces/pics/1818d97b6962c74c4eaaddf709eb861b.jpg"
"1738753869-65","https://dakarvente.com/index.php?page=annonces_categorie&id=8&sort=&nb=3","Location Ford focus","https://www.dakarvente.com/annonce-19395-location-ford-focus.html","Marque :
TOUS","30.000  FCFA","Offre d'un particulier à Dakar",""
"1738753881-66","https://dakarvente.com/index.php?page=annonces_categorie&id=8&sort=&nb=3","LOCATION HYUNDAI ELANTRA","https://www.dakarvente.com/annonce-19396-location-hyundai-elantra.html","Etat :
Occasion","30.000  FCFA","Offre d'un particulier à Point E","media/annonces/pics/50d2bee78f4c77d36a04517dc80219cc.jpg"
"1738753901-67","https://dakarvente.com/index.php?page=annonces_categorie&id=8&sort=&nb=3","LOCATION RANGE ROVER","https://www.dakarvente.com/annonce-19397-location-range-rover.html","Marque :
TOUS","200.000  FCFA","Offre d'un particulier à Dakar","media/annonces/pics/d2f68c5ce9ff77083e93f3ee4f43166d.jpg"
"1738753911-68","https://dakarvente.com/index.php?page=annonces_categorie&id=8&sort=&nb=3","Location et vente","https://www.dakarvente.com/annonce-19701-location-et-vente.html","Etat :
Neuf","35.000  FCFA","Offre d'un particulier à Médina","media/annonces/pics/7ba627de8acfe9e8fad90f411e8ed774.jpeg"
"1738753920-69","https://dakarvente.com/index.php?page=annonces_categorie&id=8&sort=&nb=3","Location et vente","https://www.dakarvente.com/annonce-19702-location-et-vente.html","Marque :
Chevrolet equinoxe 4*4","45.000  FCFA","Offre d'un particulier à Médina","media/annonces/pics/126a7dc71debd07af529a3354c154a90.jpeg"
"1738753937-70","https://dakarvente.com/index.php?page=annonces_categorie&id=8&sort=&nb=3","BiTi - Réservation de transport de l'AIBD","https://www.dakarvente.com/annonce-19896-biti-rservation-de-transport-de-l-aibd.html","Etat :
Neuf","23.000  FCFA","Offre d'un particulier à Dakar","media/annonces/pics/56b6bce97a1f861cb22de121c62380db.jpeg"
"1738753960-71","https://dakarvente.com/index.php?page=annonces_categorie&id=8&sort=&nb=3","Véhicule à louer","https://www.dakarvente.com/annonce-20208-vhicule-louer.html","Etat :
Occasion","15.000  FCFA","Offre d'un particulier à Ouakam","media/annonces/pics/42331c1a4d3c5afb1e9d14a4f349dbfa.jpg"
"1738753981-72","https://dakarvente.com/index.php?page=annonces_categorie&id=8&sort=&nb=3","Location PEUGEOT PARTENAIRE","https://www.dakarvente.com/annonce-21044-location-peugeot-partenaire.html","Etat :
Neuf","25.000  FCFA","Offre d'un particulier à Ouakam","media/annonces/pics/1a438c0ac81b0d1436d411691160cc7c.jpg"
"1738753994-73","https://dakarvente.com/index.php?page=annonces_categorie&id=8&sort=&nb=3","location Mitsubishi L200 climatisée","https://www.dakarvente.com/annonce-21343-location-mitsubishi-l200-climatise.html","Etat :
Neuf","","Offre d'un particulier à HLM","media/annonces/pics/f0e5817fc9ddfa323ab9ef2ca0a8e118.jpeg"
"1738754014-74","https://dakarvente.com/index.php?page=annonces_categorie&id=8&sort=&nb=3","Océan Afrique","https://www.dakarvente.com/annonce-23101-ocan-afrique.html","Etat :
Neuf","","Offre d'un particulier à Ouest Foire","media/annonces/pics/8ce41b47ac18801afdeace732593f2e9.png"
"1738754027-75","https://dakarvente.com/index.php?page=annonces_categorie&id=8&sort=&nb=3","Location de Bus","https://www.dakarvente.com/annonce-23112-location-de-bus.html","Marque :
Tata","10.000  FCFA","Offre d'un particulier à Keur Massar","media/annonces/pics/7035dd034d5f758be38f3b499f4f0130.jpeg"
"1738754054-76","https://dakarvente.com/index.php?page=annonces_categorie&id=8&sort=&nb=3","Location de voiture","https://www.dakarvente.com/annonce-25263-location-de-voiture.html","Etat :
Occasion","15.000  FCFA","Offre d'un particulier à Ouakam","media/annonces/pics/4230267e1bcbb509e8085137f23e8e80.jpg"
"1738754067-77","https://dakarvente.com/index.php?page=annonces_categorie&id=8&sort=&nb=3","Location Ford Explorer","https://www.dakarvente.com/annonce-25386-location-ford-explorer.html","Etat :
Occasion","40.000  FCFA","Offre d'un particulier à Sacré Coeur","media/annonces/pics/870c6dfdab400764231845753e8f976f.jpg"
"1738754094-78","https://dakarvente.com/index.php?page=annonces_categorie&id=8&sort=&nb=3","Location de voitures de luxe","https://www.dakarvente.com/annonce-26186-location-de-voitures-de-luxe.html","Description : 
L’agence de location TPS met a disposition des véhicules de luxe pour toute location avec ou sans chauffeur.","100.000  FCFA","Offre d'un particulier à Almadies",""
"1738754103-79","https://dakarvente.com/index.php?page=annonces_categorie&id=8&sort=&nb=3","Location Kia Sportage","https://www.dakarvente.com/annonce-26727-location-kia-sportage.html","Etat :
Occasion","30.000  FCFA","Offre d'un particulier à Guédiawaye","media/annonces/pics/0396cdf51d37ef2a9a309ed317fbd64f.jpg"
"1738754123-80","https://dakarvente.com/index.php?page=annonces_categorie&id=8&sort=&nb=3","Location de voiture","https://www.dakarvente.com/annonce-26795-location-de-voiture.html","Description : 
Je loue ma mazda 5/7 places","25.000  FCFA","Offre d'un particulier à Dakar","media/annonces/pics/c307a4defd6bd0a485a5f0c4c77fae22.jpeg"
"1738754134-81","https://dakarvente.com/index.php?page=annonces_categorie&id=8&sort=&nb=3","Location de vehicule","https://www.dakarvente.com/annonce-26926-location-de-vehicule.html","Etat :
Occasion","25.000  FCFA","Offre d'un particulier à Ouakam","media/annonces/pics/3b3d32ac9318128d76b7e4381d3c204d.jpg"
"1738754147-82","https://dakarvente.com/index.php?page=annonces_categorie&id=8&sort=&nb=3","Location de voiture","https://www.dakarvente.com/annonce-27952-location-de-voiture.html","Etat :
Occasion","30.000  FCFA","Offre d'un particulier à Dakar","media/annonces/pics/790add4d4702c5e9e4096448d8edac96.jpg"
"1738754162-83","https://dakarvente.com/index.php?page=annonces_categorie&id=8&sort=&nb=3","Location de Voitures","https://www.dakarvente.com/annonce-28446-location-de-voitures.html","Etat :
Neuf","35.000  FCFA","Offre d'un particulier à Ouakam","media/annonces/pics/ae20c706f30e56a758d173bd21620f59.jpeg"
"1738754175-84","https://dakarvente.com/index.php?page=annonces_categorie&id=8&sort=&nb=3","Location de véhicule","https://www.dakarvente.com/annonce-28677-location-de-vhicule.html","Etat :
Occasion","30.000  FCFA","Offre d'un particulier à Médina","media/annonces/pics/e190835864737c0ca620bb59c6449209.jpeg"
"1738754214-85","https://dakarvente.com/index.php?page=annonces_categorie&id=8&sort=&nb=3","Location véhicule pick up","https://www.dakarvente.com/annonce-29156-location-vhicule-pick-up.html","Description : 
Location véhicule pick up L200 / jour 

en zone Dakar et région","40.000  FCFA","Offre d'un particulier à Gueule tapée","media/annonces/pics/ab09f394513bb158ef4709676028a99e.jpeg"
"1738754231-86","https://dakarvente.com/index.php?page=annonces_categorie&id=8&sort=&nb=3","Location de voiture Renault megane scenic","https://www.dakarvente.com/annonce-29861-location-de-voiture-renault-megane-scenic.html","Etat :
Occasion","12.000  FCFA","Demande d'un particulier à Dakar","media/annonces/pics/b334ea90f7f62d04e7b6e40af445ce58.jpg"
"1738754245-87","https://dakarvente.com/index.php?page=annonces_categorie&id=8&sort=&nb=3","Location kia sorento 7 places climatisé","https://www.dakarvente.com/annonce-30686-location-kia-sorento-7-places-climatis.html","Etat :
Occasion","","Offre d'un particulier à Dakar","media/annonces/pics/f2d6bbede1efe7f40a9e029e5bac0167.jpg"
"1738754260-88","https://dakarvente.com/index.php?page=annonces_categorie&id=8&sort=&nb=3","LOCATION DE VOITURES DE LUXE","https://www.dakarvente.com/annonce-30727-location-de-voitures-de-luxe.html","Etat :
Occasion","","Offre d'un particulier à Dakar","media/annonces/pics/6d1dff282252432cc8deb621271a533e.jpg"
"1738754271-89","https://dakarvente.com/index.php?page=annonces_categorie&id=8&sort=&nb=3","Location MERCEDES GLE","https://www.dakarvente.com/annonce-30734-location-mercedes-gle.html","Etat :
Occasion","","Offre d'un particulier à Dakar","media/annonces/pics/97472f48e50bc0fd9afbb5aa9d77d87d.jpg"
"1738754283-90","https://dakarvente.com/index.php?page=annonces_categorie&id=8&sort=&nb=3","Location Ford Fusion","https://www.dakarvente.com/annonce-30739-location-ford-fusion.html","Etat :
Occasion","","Offre d'un particulier à Dakar","media/annonces/pics/6699b85e8234939019e8f13fd3546d3d.jpg"
"1738754302-91","https://dakarvente.com/index.php?page=annonces_categorie&id=8&sort=&nb=3","Location Toyota Illux manuel","https://www.dakarvente.com/annonce-30781-location-toyota-illux-manuel.html","Etat :
Occasion","","Offre d'un particulier à Dakar","media/annonces/pics/13092e9893179fad515499d127e807cd.jpg"
"1738754318-92","https://dakarvente.com/index.php?page=annonces_categorie&id=8&sort=&nb=3","Location Dacia Duster 2014","https://www.dakarvente.com/annonce-30902-location-dacia-duster-2014.html","Etat :
Neuf","30.000  FCFA","Offre d'un particulier à Keur Massar","media/annonces/pics/b50e0ee00c96989297e7d1fa56fab203.jpeg"
"1738754334-93","https://dakarvente.com/index.php?page=annonces_categorie&id=8&sort=&nb=3","Location Kia optima 2014","https://www.dakarvente.com/annonce-31247-location-kia-optima-2014.html","Etat :
Occasion","30.000  FCFA","Offre d'un particulier à Sacré Coeur","media/annonces/pics/a7aca28b975127204361e6fdad18ff3c.jpeg"
"1738754362-94","https://dakarvente.com/index.php?page=annonces_categorie&id=8&sort=&nb=3","Location voiture au mois","https://www.dakarvente.com/annonce-31337-location-voiture-au-mois.html","Etat :
Occasion","175.000  FCFA","Offre d'un particulier à Mamelles","media/annonces/pics/871c8bdb6c115a65c1d620c8722e3abf.jpeg"
"1738754391-95","https://dakarvente.com/index.php?page=annonces_categorie&id=8&sort=&nb=3","Location voiture au mois","https://www.dakarvente.com/annonce-31510-location-voiture-au-mois.html","Etat :
Occasion","150.000  FCFA","Offre d'un particulier à Mamelles","media/annonces/pics/49e3efac5e4cf373a18f45ee6755559c.jpeg"
"1738754413-96","https://dakarvente.com/index.php?page=annonces_categorie&id=8&sort=&nb=3","Location Hyundai Elantra","https://www.dakarvente.com/annonce-31712-location-hyundai-elantra.html","Marque :
Hyundai","35.000  FCFA","Offre d'un particulier à Derklé","media/annonces/pics/56a90860c36b7067f90adf01b2a4628c.jpeg"
"1738754422-97","https://dakarvente.com/index.php?page=annonces_categorie&id=8&sort=&nb=3","Location de véhicules","https://www.dakarvente.com/annonce-31833-location-de-vhicules.html","Etat :
Neuf","40.000  FCFA","Offre d'un particulier à Cité Keur Gorgui","media/annonces/pics/059d8cb751a27f28358db02af0b105c7.jpg"
"1738754450-98","https://dakarvente.com/index.php?page=annonces_categorie&id=8&sort=&nb=3","Location ford Escape","https://www.dakarvente.com/annonce-31878-location-ford-escape.html","Etat :
Neuf","35.000  FCFA","Offre d'un particulier à Cité Keur Gorgui",""
"1738754480-99","https://dakarvente.com/index.php?page=annonces_categorie&id=8&sort=&nb=2","Location de voiture","https://www.dakarvente.com/annonce-32027-location-de-voiture.html","Description : 
Je loue ma Toyota hiace 14 place climatisé pour vos déplacement partout au Sénégal et dans la sous région","50.000  FCFA","Offre d'un particulier à Mbao","media/annonces/pics/971e1e84c39bca61daf7dff48ca7cfca.jpeg"
"1738754498-100","https://dakarvente.com/index.php?page=annonces_categorie&id=8&sort=&nb=2","Pelle Poclain","https://www.dakarvente.com/annonce-32431-pelle-poclain.html","Etat :
Occasion","275.000  FCFA","Offre d'un particulier à Diamniadio","media/annonces/pics/fda8f6138fd7190f42dafff72ca3bc18.jpeg"
"1738754536-101","https://dakarvente.com/index.php?page=annonces_categorie&id=8&sort=&nb=2","Transport de Voyagistes","https://www.dakarvente.com/annonce-33275-transport-de-voyagistes.html","Marque :
Dodge","22.000  FCFA","Offre d'un particulier à Maristes","media/annonces/pics/523c88b5195e1005642398f2d917e868.jpg"
"1738754550-102","https://dakarvente.com/index.php?page=annonces_categorie&id=8&sort=&nb=2","Compacteur","https://www.dakarvente.com/annonce-33354-compacteur.html","Etat :
Neuf","160.000  FCFA","Offre d'un particulier à Dakar","media/annonces/pics/80867e028740890f3f35d111b30ec9e3.jpeg"
"1738754562-103","https://dakarvente.com/index.php?page=annonces_categorie&id=8&sort=&nb=2","Pelle Poclain","https://www.dakarvente.com/annonce-33679-pelle-poclain.html","Etat :
Neuf","275.000  FCFA","Offre d'un particulier à Diamniadio","media/annonces/pics/0b584d4a784a289b55166b544a443d04.jpeg"
"1738754573-104","https://dakarvente.com/index.php?page=annonces_categorie&id=8&sort=&nb=2","Salon 7 places","https://www.dakarvente.com/annonce-33735-salon-7-places.html","Etat :
Neuf","375.000  FCFA","Offre d'un particulier à Sicap liberté","media/annonces/pics/d90c4e6e8e5076c54a24e058dde309cd.jpg"
"1738754603-105","https://dakarvente.com/index.php?page=annonces_categorie&id=8&sort=&nb=2","Location de voiture","https://www.dakarvente.com/annonce-33917-location-de-voiture.html","Description : 
Location Peugeot 2008 boîte manuelle diesel . 5 portes .","25.000  FCFA","Offre d'un particulier à Dieuppeul",""
"1738754623-106","https://dakarvente.com/index.php?page=annonces_categorie&id=8&sort=&nb=2","Ford fusion titanuim","https://www.dakarvente.com/annonce-35652-ford-fusion-titanuim.html","Etat :
Neuf","40.000  FCFA","Offre d'un particulier à Almadies","media/annonces/pics/d211ea6e83361e8dd5874bc237f4f619.jpg"
"1738754634-107","https://dakarvente.com/index.php?page=annonces_categorie&id=8&sort=&nb=2","Ford fusion à louer","https://www.dakarvente.com/annonce-35680-ford-fusion-louer.html","Etat :
Neuf","40.000  FCFA","Offre d'un particulier à Almadies","media/annonces/pics/57d782733c6e0f7b1c2ffc12636f7ec3.jpg"
"1738754644-108","https://dakarvente.com/index.php?page=annonces_categorie&id=8&sort=&nb=2","Location de voiture Hyundai Full options","https://www.dakarvente.com/annonce-36141-location-de-voiture-hyundai-full-options.html","Description : 
DRT AUTOMOBILE 

Location de voiture Hyundai sonata automatique essence full option intérieur cuir double toit ouvrant caméra de recul écran digital bluetooth année 2014 moteur 2.0 mode eco faible consommation très propre.","40.000  FCFA","Offre d'un particulier à Parcelles assainies","media/annonces/pics/44c5d6b2a4d95be50ed560bfd2290d8f.jpeg"
"1738754661-109","https://dakarvente.com/index.php?page=annonces_categorie&id=8&sort=&nb=2","Location de voiture full options","https://www.dakarvente.com/annonce-36142-location-de-voiture-full-options.html","Description : 
DRT AUTOMOBILE 

Location de voiture Hyundai sonata automatique essence full option intérieur cuir double toit ouvrant caméra de recul écran digital bluetooth année 2014 moteur 2.0 mode eco faible consommation très propre.","40.000  FCFA","Offre d'un particulier à Parcelles assainies","media/annonces/pics/651e514c44a5b4ded29f668ae913b562.jpeg"
"1738754684-110","https://dakarvente.com/index.php?page=annonces_categorie&id=8&sort=&nb=2","LOCATION TOYOTA FORTUNER AVEC CHAUFFEUR A BON PRIX","https://www.dakarvente.com/annonce-36168-location-toyota-fortuner-avec-chauffeur-a-bon-prix.html","Description : 
VOTRE TRANSPORT À DAKAR ET PARTOUT AU SÉNÉGAL



DÉTAILS TECHNIQUES DE 



Climatisée,



DIESEL. 



Essence automatique 



LOCATION UNIQUEMENT AVEC CHAUFFEUR



LOCATION À PARTIR DE 3 JOURS = 65 000 f / jour



LOCATION DE 1 SEMAINE (7JOURS et plus) ET PLUS  = 60 000 f / jour



LOCATION DE 1 MOIS (30 JOURS et plus) ET PLUS  = 55 000 f / jour



INTÉRESSÉ, VEUILLEZ NOUS CONTACTER AU : 78 171 72 21 / 77 879 52 07

 

 *NICE CAR* NOUS SOMMES À VOTRE DISPOSITION, !!","65.000  FCFA","Offre d'un particulier à Liberté 2","media/annonces/pics/2e9fd4052cbe4ba192363c1e09c12b90.jpg"
"1738754704-111","https://dakarvente.com/index.php?page=annonces_categorie&id=8&sort=&nb=2","Location de véhicules","https://www.dakarvente.com/annonce-36433-location-de-vhicules.html","Description : 
Location de voiture

*HYUNDAI SONATA

*AUTOMATIQUE

*ESSENCE

*CLIMATISÉE

*FULL OPTION

*INTÉRIEUR CUIRE

*DOUBLE TOITS OUVRANTS

*CAMÉRA DE RECUL

*ÉCRAN DIGITAL 

*MOTEUR 2.0

*MODE ÉCONOMIE FAIBLE CONSOMMATION

*ANNÉE 2014

*3 JOURS MINIMUM

Age minimum 25 ans

2 ans de permis minimum

Périmètre de location:Région de Dakar uniquement","35.000  FCFA","Offre d'un particulier à Parcelles assainies","media/annonces/pics/88f4e71ac911e7b789991b79fb78effa.jpeg"
"1738754722-112","https://dakarvente.com/index.php?page=annonces_categorie&id=8&sort=&nb=2","Transfert aéroport  avec voiture climatisée. 30 000 Frs.","https://www.dakarvente.com/annonce-36650-transfert-aroport-avec-voiture-climatise-30-000-frs.html","Etat :
Occasion","30.000  FCFA","Offre d'un particulier à Dakar","media/annonces/pics/ea4f090e4d47fa784a544f00961caedf.jpg"
"1738754730-113","https://dakarvente.com/index.php?page=annonces_categorie&id=8&sort=&nb=2","Vente et location de voitures","https://www.dakarvente.com/annonce-36889-vente-et-location-de-voitures.html","Etat :
Neuf","25.000  FCFA","Offre d'un particulier à Almadies","media/annonces/pics/981e8cc41b285d4b5489dd8a7187acaa.jpg"
"1738754759-114","https://dakarvente.com/index.php?page=annonces_categorie&id=8&sort=&nb=2","LOCATION DE CAMION SONORISE","https://www.dakarvente.com/annonce-36898-location-de-camion-sonorise.html","Description : 
Pour vos meetings, vos compagnes publicitaires et autres, NERI GROUP International met à votre disposition des camions sonorisés avec une équipe professionnelle (optionnelle)!!!





NB : pour la location veuillez demander un devis et précisez le nombre de jours et le lieu de la campagne!!!","250.000  FCFA","Offre d'un particulier à Sacré Coeur","media/annonces/pics/1d2c101f1f2e9e402cf031fad2c86f8c.png"
"1738754772-115","https://dakarvente.com/index.php?page=annonces_categorie&id=8&sort=&nb=2","Location de voitures","https://www.dakarvente.com/annonce-37124-location-de-voitures.html","Description : 
Je loue ma MITSUBISHI Pajero 4x4 automatique essence salon cuir ,

 AVEC CHAUFFEUR 



Pour plus d'informations n'hésitez de me contacter","","Offre d'un particulier à Yoff","media/annonces/pics/bd56a02fa09cbd96b60cb880807071c4.jpg"
"1738754783-116","https://dakarvente.com/index.php?page=annonces_categorie&id=8&sort=&nb=2","LOCATION DE VOITURE FULL OPTION","https://www.dakarvente.com/annonce-37199-location-de-voiture-full-option.html","Description : 
DRT AUTOMOBILE



*HYUNDAI SONATA

*AUTOMATIQUE

*ESSENCE

*CLIMATISÉE

*FULL OPTION

*INTÉRIEUR CUIRE

*DOUBLE TOITS OUVRANTS

*CAMÉRA DE RECUL

*ÉCRAN DIGITAL 

*COMMANDE AU VOLANT

*MOTEUR 2.0

*MODE ÉCONOMIE FAIBLE CONSOMMATION

*ANNÉE 2014","35.000  FCFA","Offre d'un particulier à Parcelles assainies","media/annonces/pics/ac100af12025a2b1e1c5cc56310334ce.jpeg"
"1738754798-117","https://dakarvente.com/index.php?page=annonces_categorie&id=8&sort=&nb=2","Location de voiture Hyundai","https://www.dakarvente.com/annonce-37200-location-de-voiture-hyundai.html","Description : 
DRT AUTOMOBILE



*HYUNDAI SONATA

*AUTOMATIQUE

*ESSENCE

*CLIMATISÉE

*FULL OPTION

*INTÉRIEUR CUIRE

*DOUBLE TOITS OUVRANTS

*CAMÉRA DE RECUL

*ÉCRAN DIGITAL 

*COMMANDE AU VOLANT

*MOTEUR 2.0

*MODE ÉCONOMIE FAIBLE CONSOMMATION

*ANNÉE 2014","35.000  FCFA","Offre d'un particulier à Parcelles assainies","media/annonces/pics/30190b3ac06e742ec85eb1c32c56d185.jpeg"
"1738754824-118","https://dakarvente.com/index.php?page=annonces_categorie&id=8&sort=&nb=2","Location auto full option","https://www.dakarvente.com/annonce-37290-location-auto-full-option.html","Etat :
Occasion","35.000  FCFA","Offre d'un particulier à Parcelles assainies","media/annonces/pics/73f57f4778eba48966dad0bd6238456f.jpeg"
"1738754838-119","https://dakarvente.com/index.php?page=annonces_categorie&id=8&sort=&nb=2","Location de camion","https://www.dakarvente.com/annonce-38410-location-de-camion.html","Description : 
Location de camion pour vos transports de conteneurs, de marchandises partout à Dakar et au Sénégal et dans la sous-région,  louer votre camion avec un chauffeur expérimenté en courte ou longue durée.On vous propose de louer des camions de bonne qualité. Veuillez nous contacter au 766360506 ou au 777449337.","","Offre d'un particulier à Scat Urbam","media/annonces/pics/cadedac9ac2ff7b62bdc3035488ad84c.jpg"
"1738754854-120","https://dakarvente.com/index.php?page=annonces_categorie&id=8&sort=&nb=2","LOCATION VEHICULE","https://www.dakarvente.com/annonce-38819-location-vehicule.html","Description : 
LOCATION FORD FUSION SE AUTOMATIQUE ESSENCE INTÉRIEUR TISSU CAMÉRA DE RECUL 4 CYLINDRE LOCATION LONGUE DURÉE AVEC CHAUFFEUR OU SANS CLIENT SÉRIEUX S'ABSTENIR ANNÉE 2014 LE PRIX CHANGE SELON LES DESTINATIONS","35.000  FCFA","Offre d'un particulier à Mermoz","media/annonces/pics/b3be8ecdc35663cf6593a0ced4f04ec2.jpg"
"1738754881-121","https://dakarvente.com/index.php?page=annonces_categorie&id=8&sort=&nb=2","Location de véhicules","https://www.dakarvente.com/annonce-38875-location-de-vhicules.html","Etat :
Occasion","30.000  FCFA","Offre d'un particulier à Cité Keur Gorgui","media/annonces/pics/89f833dc1cf687f7b6258396f1f1198e.jpg"
"1738754895-122","https://dakarvente.com/index.php?page=annonces_categorie&id=8&sort=&nb=2","Location de véhicules","https://www.dakarvente.com/annonce-38904-location-de-vhicules.html","Etat :
Occasion","30.000  FCFA","Offre d'un particulier à Cité Keur Gorgui","media/annonces/pics/1ab6b83d3be5bd1cec5ae90d234fc330.jpg"
"1738754903-123","https://dakarvente.com/index.php?page=annonces_categorie&id=8&sort=&nb=2","Location voiture avec chauffeur","https://www.dakarvente.com/annonce-39141-location-voiture-avec-chauffeur.html","Description : 
À louer Mitsubishi Pajero did 7 places Diesel très économique avec chauffeur pour tout vos déplacements dans Dakar et hors de Dakar vers Thiés Mbour Saly  somone Tivaoune Touba Saint-Louis etc et aussi navette Dakar AIBD Dakar disponible pour plus d'informations veuillez me contacter svp Merci","50.000  FCFA","Offre d'un particulier à Sud Foire","media/annonces/pics/87d8a2082cbc7d9564a665c1f607cd7a.jpg"
"1738754920-124","https://dakarvente.com/index.php?page=annonces_categorie&id=8&sort=&nb=2","VOITURE A LOUER POUR LES PETITES COURSES À DAKAR","https://www.dakarvente.com/annonce-40485-voiture-a-louer-pour-les-petites-courses-dakar.html","Etat :
Occasion","","Offre d'un particulier à Dakar","media/annonces/pics/c83270edff336dcdcf40f3cf31f2d53d.jpg"
"1738754945-125","https://dakarvente.com/index.php?page=annonces_categorie&id=8&sort=&nb=2","Madza Cx5 très propres en location","https://www.dakarvente.com/annonce-40795-madza-cx5-trs-propres-en-location.html","Etat :
Neuf","45.000  FCFA","Offre d'un particulier à Dakar","media/annonces/pics/96b06bf622d2bb5389f990d403c7f908.jpeg"
"1738754961-126","https://dakarvente.com/index.php?page=annonces_categorie&id=8&sort=&nb=2","Mercedes CIA Fully disponible en location","https://www.dakarvente.com/annonce-40798-mercedes-cia-fully-disponible-en-location.html","Etat :
Neuf","80.000  FCFA","Offre d'un particulier à Dakar","media/annonces/pics/9c59f66c864280f96aaa3a8492b5bfda.jpeg"
"1738754970-127","https://dakarvente.com/index.php?page=annonces_categorie&id=8&sort=&nb=2","Prado Land cruiser en location","https://www.dakarvente.com/annonce-40799-prado-land-cruiser-en-location.html","Etat :
Neuf","95.000  FCFA","Offre d'un particulier à Dakar","media/annonces/pics/c1a142986a13d296f0de844606d6084a.jpeg"
"1738754984-128","https://dakarvente.com/index.php?page=annonces_categorie&id=8&sort=&nb=2","Pick-up disponible en location","https://www.dakarvente.com/annonce-40822-pick-up-disponible-en-location.html","Etat :
Neuf","50.000  FCFA","Offre d'un particulier à Dakar","media/annonces/pics/20ead62962d0a2ea5637133d419c3093.jpeg"
"1738755003-129","https://dakarvente.com/index.php?page=annonces_categorie&id=8&sort=&nb=2","Mitsubishi à louer","https://www.dakarvente.com/annonce-40823-mitsubishi-louer.html","Etat :
Neuf","60.000  FCFA","Offre d'un particulier à Dakar","media/annonces/pics/f27acd61d1d1e1e70d5c6e0bcf8d3cb3.jpeg"
"1738755024-130","https://dakarvente.com/index.php?page=annonces_categorie&id=8&sort=&nb=2","KIA Sportage à louer","https://www.dakarvente.com/annonce-40824-kia-sportage-louer.html","Etat :
Neuf","45.000  FCFA","Offre d'un particulier à Dakar","media/annonces/pics/1779113fda56dd33cf432627181291f2.jpeg"
"1738755032-131","https://dakarvente.com/index.php?page=annonces_categorie&id=8&sort=&nb=2","Jeep Cherokee à louer","https://www.dakarvente.com/annonce-40825-jeep-cherokee-louer.html","Etat :
Neuf","35.000  FCFA","Offre d'un particulier à Dakar","media/annonces/pics/21cd82d61d6049359ee336f63d977456.jpeg"
"1738755047-132","https://dakarvente.com/index.php?page=annonces_categorie&id=8&sort=&nb=2","Ford fusion à louer","https://www.dakarvente.com/annonce-40826-ford-fusion-louer.html","Etat :
Neuf","30.000  FCFA","Offre d'un particulier à Dakar","media/annonces/pics/6d3560cd1470700297e67b9555a6a636.jpeg"
"1738755059-133","https://dakarvente.com/index.php?page=annonces_categorie&id=8&sort=&nb=2","Ford Escape en location","https://www.dakarvente.com/annonce-40827-ford-escape-en-location.html","Etat :
Neuf","40.000  FCFA","Offre d'un particulier à Dakar","media/annonces/pics/72ad34af1e569ed3fff0556a03b879a3.jpeg"
"1738755072-134","https://dakarvente.com/index.php?page=annonces_categorie&id=8&sort=&nb=2","Ford fusion à louer","https://www.dakarvente.com/annonce-40828-ford-fusion-louer.html","Etat :
Neuf","35.000  FCFA","Offre d'un particulier à Dakar","media/annonces/pics/cb0aa542a7a5d5a5b7f5720fb1d66adf.jpeg"
"1738755100-135","https://dakarvente.com/index.php?page=annonces_categorie&id=8&sort=&nb=2","Location : Ford fusion titanium.                                   Prix :35000f","https://www.dakarvente.com/annonce-40935-location-ford-fusion-titanium-prix-35000f.html","Etat :
Neuf","35.000  FCFA","Offre d'un particulier à Dakar","media/annonces/pics/f999ba6ba319ed86754175bf16712945.jpeg"
"1738755128-136","https://dakarvente.com/index.php?page=annonces_categorie&id=8&sort=&nb=2","Hyundai Elantra en location","https://www.dakarvente.com/annonce-40945-hyundai-elantra-en-location.html","Etat :
Neuf","35.000  FCFA","Offre d'un particulier à Dakar","media/annonces/pics/d9a225c349b349943cf520ba38e7fa9d.jpeg"
"1738755174-137","https://dakarvente.com/index.php?page=annonces_categorie&id=8&sort=&nb=1","HYundaï grandeur,","https://www.dakarvente.com/annonce-40946-hyunda-grandeur.html","Etat :
Occasion","45.000  FCFA","Offre d'un particulier à Dakar","media/annonces/pics/47e6b83a34afc113ba81bae4f467504e.jpeg"
"1738755199-138","https://dakarvente.com/index.php?page=annonces_categorie&id=8&sort=&nb=1","BMW en location","https://www.dakarvente.com/annonce-40948-bmw-en-location.html","Etat :
Neuf","50.000  FCFA","Offre d'un particulier à Dakar","media/annonces/pics/7dbece353efeea9845118063702f5fdd.jpeg"
"1738755227-139","https://dakarvente.com/index.php?page=annonces_categorie&id=8&sort=&nb=1","Madza en location","https://www.dakarvente.com/annonce-40949-madza-en-location.html","Etat :
Neuf","50.000  FCFA","Offre d'un particulier à Dakar","media/annonces/pics/7459f4aa4b978c4ce9bd5984e82cb739.jpeg"
"1738755238-140","https://dakarvente.com/index.php?page=annonces_categorie&id=8&sort=&nb=1","Ford Fusion titanium","https://www.dakarvente.com/annonce-41289-ford-fusion-titanium.html","Etat :
Neuf","35.000  FCFA","Offre d'un particulier à Dakar","media/annonces/pics/fa46aa05d5236228467be1ba5b7f72eb.jpeg"
"1738755262-141","https://dakarvente.com/index.php?page=annonces_categorie&id=8&sort=&nb=1","Location Kia K7","https://www.dakarvente.com/annonce-42658-location-kia-k7.html","Etat :
Neuf","35.000  FCFA","Offre d'un particulier à Ngor","media/annonces/pics/96a2c0e3fb811b5861a6ce5dfdbf9d3d.jpeg"
"1738755270-142","https://dakarvente.com/index.php?page=annonces_categorie&id=8&sort=&nb=1","LOCATION DE VOITURE/ TRANSPORT AIBD","https://www.dakarvente.com/annonce-42798-location-de-voiture-transport-aibd.html","Description : 
votre partenaire de confiance en matière de transport et de location de véhicules.

Véhicule avec ou sans chauffeur

Taxi pour vos courses

Abonnement scolaire

Réservation obligatoire

RAPIDE - FIABLE - SECURITE","","Offre d'un particulier à Dakar","media/annonces/pics/adaf5158f46c064d0cb60d443055a79d.jpeg"
"1738755279-143","https://dakarvente.com/index.php?page=annonces_categorie&id=8&sort=&nb=1","FORD EXPLORER DISPONIBLE POUR LOCATION","https://www.dakarvente.com/annonce-43661-ford-explorer-disponible-pour-location.html","Etat :
Neuf","60.000  FCFA","Offre d'un particulier à Dakar","media/annonces/pics/ab20f48f820666d51b05a1adf7e8a3eb.jpeg"
"1738755306-144","https://dakarvente.com/index.php?page=annonces_categorie&id=8&sort=&nb=1","Hyundai Elantra à louer","https://www.dakarvente.com/annonce-45180-hyundai-elantra-louer.html","Etat :
Occasion","30.000  FCFA","Offre d'un particulier à Sipres","media/annonces/pics/d943609d152b30de8a4d46786e52e818.jpeg"
"1738755320-145","https://dakarvente.com/index.php?page=annonces_categorie&id=8&sort=&nb=1","LOCATION VOITURE AVEC CHAUFFEUR","https://www.dakarvente.com/annonce-45181-location-voiture-avec-chauffeur.html","Etat :
Neuf","30.000  FCFA","Offre d'un particulier à Dakar","media/annonces/pics/32927326f52d1516424417454be3f764.jpeg"
"1738755327-146","https://dakarvente.com/index.php?page=annonces_categorie&id=8&sort=&nb=1","Firdawsi automobile","https://www.dakarvente.com/annonce-45364-firdawsi-automobile.html","Etat :
Neuf","250.000  FCFA","Offre d'un particulier à Dakar","media/annonces/pics/57c08300b37167a8abf08e8c7d3f8176.jpeg"
"1738755335-147","https://dakarvente.com/index.php?page=annonces_categorie&id=8&sort=&nb=1","Firdawsi automobile","https://www.dakarvente.com/annonce-45365-firdawsi-automobile.html","Etat :
Neuf","130.000  FCFA","Offre d'un particulier à Dakar","media/annonces/pics/70c9a2241da909dfdf76b6cb8c5e6721.jpeg"
"1738755353-148","https://dakarvente.com/index.php?page=annonces_categorie&id=8&sort=&nb=1","Firdawsi automobile","https://www.dakarvente.com/annonce-45367-firdawsi-automobile.html","Etat :
Neuf","60.000  FCFA","Offre d'un particulier à Dakar","media/annonces/pics/be1e49430d9fc5e376d38f54bd7f65cb.png"
"1738755369-149","https://dakarvente.com/index.php?page=annonces_categorie&id=8&sort=&nb=1","Firdawsi automobile","https://www.dakarvente.com/annonce-45369-firdawsi-automobile.html","Etat :
Neuf","300.000  FCFA","Offre d'un particulier à Dakar","media/annonces/pics/d939af9510dbb8eec95363776b3e4fd6.jpeg"
"1738755377-150","https://dakarvente.com/index.php?page=annonces_categorie&id=8&sort=&nb=1","Firdawsi automobile","https://www.dakarvente.com/annonce-45370-firdawsi-automobile.html","Etat :
Neuf","300.000  FCFA","Offre d'un particulier à Dakar","media/annonces/pics/9178ccb413fda62e4f9d433e6b9a5c3d.jpeg"
"1738755392-151","https://dakarvente.com/index.php?page=annonces_categorie&id=8&sort=&nb=1","Firdawsi automobile","https://www.dakarvente.com/annonce-45371-firdawsi-automobile.html","Etat :
Neuf","250.000  FCFA","Offre d'un particulier à Dakar","media/annonces/pics/ce4b5281b1aeca76aba2ada2ad91db91.jpeg"
"1738755401-152","https://dakarvente.com/index.php?page=annonces_categorie&id=8&sort=&nb=1","Firdawsi automobile","https://www.dakarvente.com/annonce-45372-firdawsi-automobile.html","Etat :
Neuf","40.000  FCFA","Offre d'un particulier à Dakar","media/annonces/pics/a242a42ed1a8008ca0fa2119910d47d6.jpeg"
"1738755409-153","https://dakarvente.com/index.php?page=annonces_categorie&id=8&sort=&nb=1","Firdawsi automobile","https://www.dakarvente.com/annonce-45373-firdawsi-automobile.html","Etat :
Neuf","50.000  FCFA","Offre d'un particulier à Dakar","media/annonces/pics/c4394921d9888413b560b7f506c85b8d.jpeg"
"1738755421-154","https://dakarvente.com/index.php?page=annonces_categorie&id=8&sort=&nb=1","Firdawsi automobile","https://www.dakarvente.com/annonce-45374-firdawsi-automobile.html","Etat :
Neuf","35.000  FCFA","Offre d'un particulier à Dakar","media/annonces/pics/95f0b7d5221be5423ea2c2bfeb697d40.jpeg"
"1738755438-155","https://dakarvente.com/index.php?page=annonces_categorie&id=8&sort=&nb=1","Firdawsi automobile","https://www.dakarvente.com/annonce-45376-firdawsi-automobile.html","Etat :
Neuf","130.000  FCFA","Offre d'un particulier à Dakar","media/annonces/pics/33b8ac7c4f6c760d91a02753f40d0374.jpeg"
"1738755467-156","https://dakarvente.com/index.php?page=annonces_categorie&id=8&sort=&nb=1","Firdawsi automobile","https://www.dakarvente.com/annonce-45377-firdawsi-automobile.html","Etat :
Neuf","40.000  FCFA","Offre d'un particulier à Dakar",""
"1738755480-157","https://dakarvente.com/index.php?page=annonces_categorie&id=8&sort=&nb=1","Firdawsi automobile","https://www.dakarvente.com/annonce-45378-firdawsi-automobile.html","Etat :
Neuf","40.000  FCFA","Offre d'un particulier à Dakar","media/annonces/pics/9d3a6a2b49fad05a7893e83fed9b70d4.jpeg"
"1738755508-158","https://dakarvente.com/index.php?page=annonces_categorie&id=8&sort=&nb=1","Firdawsi automobile","https://www.dakarvente.com/annonce-45379-firdawsi-automobile.html","Etat :
Neuf","40.000  FCFA","Offre d'un particulier à Dakar","media/annonces/pics/5542df542046cab1cf8b8a20756dc50e.jpeg"
"1738755520-159","https://dakarvente.com/index.php?page=annonces_categorie&id=8&sort=&nb=1","Firdawsi automobile","https://www.dakarvente.com/annonce-45380-firdawsi-automobile.html","Etat :
Neuf","35.000  FCFA","Offre d'un particulier à Dakar","media/annonces/pics/cc89596ad800553fb054f047d72405ad.jpeg"
"1738755550-160","https://dakarvente.com/index.php?page=annonces_categorie&id=8&sort=&nb=1","Firdawsi automobile","https://www.dakarvente.com/annonce-45382-firdawsi-automobile.html","Etat :
Neuf","150.000  FCFA","Offre d'un particulier à Dakar","media/annonces/pics/e069c09b23efec7d7fe77a575b9a73aa.jpeg"
"1738755565-161","https://dakarvente.com/index.php?page=annonces_categorie&id=8&sort=&nb=1","Firdawsi automobile","https://www.dakarvente.com/annonce-45383-firdawsi-automobile.html","Etat :
Neuf","120.000  FCFA","Offre d'un particulier à Dakar","media/annonces/pics/a252e6d814c7b48f6df7df239f00e841.jpeg"
"1738755576-162","https://dakarvente.com/index.php?page=annonces_categorie&id=8&sort=&nb=1","Firdawsi automobile","https://www.dakarvente.com/annonce-45384-firdawsi-automobile.html","Etat :
Neuf","150.000  FCFA","Offre d'un particulier à Dakar","media/annonces/pics/c3e4aca6d4d165a122a69b627f28f185.jpeg"
"1738755592-163","https://dakarvente.com/index.php?page=annonces_categorie&id=8&sort=&nb=1","Firdawsi automobile","https://www.dakarvente.com/annonce-45385-firdawsi-automobile.html","Etat :
Neuf","60.000  FCFA","Offre d'un particulier à Dakar","media/annonces/pics/c9c7d6a74dd674d12bb776f2f641692d.jpeg"
"1738755619-164","https://dakarvente.com/index.php?page=annonces_categorie&id=8&sort=&nb=1","Hyundai Sonata 2018","https://www.dakarvente.com/annonce-45547-hyundai-sonata-2018.html","Etat :
Occasion","35.000  FCFA","Offre d'un particulier à Almadies","media/annonces/pics/2cf191186299223b1b5f52addc98aff2.jpeg"
"1738755648-165","https://dakarvente.com/index.php?page=annonces_categorie&id=8&sort=&nb=1","BUS A LOUER AVEC CHAUFFEUR","https://www.dakarvente.com/annonce-45866-bus-a-louer-avec-chauffeur.html","Etat :
Neuf","60.000  FCFA","Offre d'un particulier à Pikine","media/annonces/pics/44d0fb4f95a4ef7ecbb15e57c188a920.jpeg"
"1738755657-166","https://dakarvente.com/index.php?page=annonces_categorie&id=8&sort=&nb=1","Location Ford Escape titanium 2014","https://www.dakarvente.com/annonce-45868-location-ford-escape-titanium-2014.html","Etat :
Neuf","35.000  FCFA","Offre d'un particulier à Keur Massar","media/annonces/pics/4ca062de9696ca9a5eb69d92a7bd79d5.jpeg"
"1738755674-167","https://dakarvente.com/index.php?page=annonces_categorie&id=8&sort=&nb=1","Firdawsi automobile","https://www.dakarvente.com/annonce-45381-firdawsi-automobile.html","Etat :
Neuf","250.000  FCFA","Offre d'un particulier à Dakar","media/annonces/pics/2faacfde866a9091c21a903ea27e07de.jpeg"
"1738755689-168","https://dakarvente.com/index.php?page=annonces_categorie&id=8&sort=&nb=1","Dodge caravan","https://www.dakarvente.com/annonce-47137-dodge-caravan.html","Etat :
Occasion","35.000  FCFA","Offre d'un particulier à Ouakam","media/annonces/pics/414a43c0050d6f20827ae56b7186713c.jpeg"
"1738755703-169","https://dakarvente.com/index.php?page=annonces_categorie&id=8&sort=&nb=1","Location voiture","https://www.dakarvente.com/annonce-48228-location-voiture.html","Etat :
Occasion","25.000  FCFA","Offre d'un particulier à Mamelles","img/nophoto.png"
"1738755731-170","https://dakarvente.com/index.php?page=annonces_categorie&id=8&sort=&nb=1","LOCATION DE MINI BUS TOYOTA HIACE","https://www.dakarvente.com/annonce-49816-location-de-mini-bus-toyota-hiace.html","Etat :
Neuf","90.000  FCFA","Offre d'un particulier à Grand Yoff",""
"1738755750-171","https://dakarvente.com/index.php?page=annonces_categorie&id=8&sort=&nb=1","Location de voitures","https://www.dakarvente.com/annonce-49955-location-de-voitures.html","Etat :
Neuf","35.000  FCFA","Offre d'un particulier à Dakar","media/annonces/pics/13ca996faa99800ae6571db419efa980.jpg"
