page-link,marque,price,adresse,image-link,devise
https://www.dakarvente.com/annonce-98-gilera-piaggio-stalker-50.html,INCONNU!,350000.0,Plateau,media/annonces/pics/d21019275a66badba841be57ea1c4297.jpg,FCFA
https://www.dakarvente.com/annonce-9-t-max.html,INCONNU!,1700000.0,Plateau,media/annonces/pics/78b7dd4158bd818b569ec884c624ade2.jpg,FCFA
https://www.dakarvente.com/annonce-194-honda-sh.html,INCONNU!,1200000.0,Plateau,media/annonces/pics/6f3687b2965ffde414a321f13dbd7537.jpg,FCFA
https://www.dakarvente.com/annonce-195-tmax-530.html,INCONNU!,2300000.0,Plateau,media/annonces/pics/940f418806fbd25c6f871ba3b36887f1.jpg,FCFA
https://www.dakarvente.com/annonce-256-vespa-250.html,INCONNU!,550000.0,Plateau,media/annonces/pics/a8b8f7d93d2b0a32eed02e11efd3bb71.jpg,FCFA
https://www.dakarvente.com/annonce-252-kymko-4-temps-125.html,INCONNU!,140000.0,Plateau,media/annonces/pics/93a04ba02fde08d07eacad9a8fa3664e.jpg,FCFA
https://www.dakarvente.com/annonce-253-scooter-agility.html,INCONNU!,255000.0,Plateau,media/annonces/pics/31b95ae0f60850fd690b98dd47c13ccd.jpg,FCFA
https://www.dakarvente.com/annonce-354-honda-hornet-600.html,INCONNU!,1000000.0,Plateau,media/annonces/pics/534b67de05771d7f50f730b269ae1e0f.jpg,FCFA
https://www.dakarvente.com/annonce-355-tmax-500.html,INCONNU!,1650000.0,Plateau,media/annonces/pics/7793c38cf9962a54a16a72257c89840a.jpg,FCFA
https://www.dakarvente.com/annonce-734-yamaha-yzf-450.html,INCONNU!,4000000.0,Plateau,media/annonces/pics/1e61fbab98fe97e56b63c87d0e923b38.jpg,FCFA
https://www.dakarvente.com/annonce-730-honda-transalp-700.html,INCONNU!,2000000.0,Plateau,media/annonces/pics/0f5d602de76d89d2db55e555f94192ac.jpg,FCFA
https://www.dakarvente.com/annonce-913-vend-hoverboard-led-venant-des-usa.html,Hoverboard authentique en vente avec une bonne autonomie .avec tous ces accessoires sac et chargeur inclus a seulement 100 000f .Contact 779727897,100000.0,Plateau,media/annonces/pics/7c9b21df1416530386abf290c945ea98.png,FCFA
https://www.dakarvente.com/annonce-981-sh-125-injection.html,Sh 125 scooter tout neuf 10 000 km avec carte grise . Le scooter ne consomme rien plein 4700 fcfa pour 12 jours  contactez moi au 781264932,1009654.7028301887,Plateau,media/annonces/pics/3f2353e92c3e1d282dea68b6bbdb2b74.jpeg,INCONNU!
https://www.dakarvente.com/annonce-1217-tmax-530-dx.html,INCONNU!,4500000.0,Plateau,media/annonces/pics/ea5badd663c7384eb8474729a16640a2.jpg,FCFA
https://www.dakarvente.com/annonce-1231-liberty-4temps50.html,INCONNU!,700000.0,Plateau,media/annonces/pics/64a126180efdaee98e3edc44042c2018.jpg,FCFA
https://www.dakarvente.com/annonce-1308-xc-300-versity.html,INCONNU!,550000.0,Plateau,media/annonces/pics/e31e82b3e3e820c8e6d18f8b9c5016d0.jpg,FCFA
https://www.dakarvente.com/annonce-1307-scooter-typhon.html,INCONNU!,1009654.7028301887,Plateau,media/annonces/pics/55f695478d927e3399db181aa75a59d3.jpg,INCONNU!
https://www.dakarvente.com/annonce-1435-t-max-530-iron.html,INCONNU!,4000000.0,Plateau,media/annonces/pics/ccd4ecb22b3fb8b33313220e22078a4b.jpg,FCFA
https://www.dakarvente.com/annonce-1448-honda-sh-125.html,INCONNU!,975000.0,Plateau,media/annonces/pics/a6f26f0bf851b367f6d7b331099614c9.jpg,FCFA
https://www.dakarvente.com/annonce-1521-typhoon.html,Typhoon energy neuve moteur 125  2 temps si tu es interessé appele moi,220000.0,Plateau,media/annonces/pics/a32417e4ab620ff7258d962947c31aec.jpg,FCFA
https://www.dakarvente.com/annonce-1572-vends-tmax-500-injection-en-parfait-tat-contact-775152740.html,Je vends tmax 500 injection en parfait état Contact 775152740,1200000.0,Plateau,media/annonces/pics/3a31d94713e909340dff48cfccf10360.jpg,FCFA
https://www.dakarvente.com/annonce-1608-scooter-majesty.html,INCONNU!,500000.0,Plateau,media/annonces/pics/b9ca13aaf98409d8ca63422c9031aecf.jpg,FCFA
https://www.dakarvente.com/annonce-1661-scooter.html,Scooter majesty venant avec tous ses papiers,420000.0,Plateau,media/annonces/pics/fb9437845d1d47458b27080e799c51c2.jpg,FCFA
https://www.dakarvente.com/annonce-1667-motocyclettes-et-tricycles.html,INCONNU!,350000.0,Plateau,media/annonces/pics/5b5212ae986193b7588676e144165006.jpg,FCFA
https://www.dakarvente.com/annonce-1756-moto-enduro-bmw.html,INCONNU!,2000000.0,Plateau,media/annonces/pics/f047d366eccecc75264707856bf1c41f.jpg,FCFA
https://www.dakarvente.com/annonce-1774-tmax-dx.html,INCONNU!,1009654.7028301887,Plateau,media/annonces/pics/c9ee916dd3025600494abfc58292889d.jpg,INCONNU!
https://www.dakarvente.com/annonce-1782-moto.html,INCONNU!,550000.0,Plateau,media/annonces/pics/e0ec05eadee07a25f07e51acacfaa496.jpg,FCFA
https://www.dakarvente.com/annonce-1778-moto-zip-piaggio.html,INCONNU!,200000.0,Plateau,media/annonces/pics/4189bc89fdb8b7c50a516e350a44ab7b.jpg,FCFA
https://www.dakarvente.com/annonce-1821-bmw-gs-1200.html,INCONNU!,3500000.0,Plateau,media/annonces/pics/12e95530b56af38518e64ee07d771534.jpg,FCFA
https://www.dakarvente.com/annonce-1757-moto-bmw-gs-1200.html,INCONNU!,4250000.0,Plateau,media/annonces/pics/9a972f46c814e79972f834879a768275.jpg,FCFA
https://www.dakarvente.com/annonce-1865-liberty-injection.html,INCONNU!,325000.0,Plateau,media/annonces/pics/80c4464529e043f8003e1ceeb35c051b.jpg,FCFA
https://www.dakarvente.com/annonce-1881-moto-scooter.html,INCONNU!,500000.0,Plateau,media/annonces/pics/3c669aef26a7bb4b2dc043e147ec82f0.jpg,FCFA
https://www.dakarvente.com/annonce-1975-kawasaki-z750.html,INCONNU!,1650000.0,Plateau,media/annonces/pics/25840daef2521cb415e39667e1f0af39.jpg,FCFA
https://www.dakarvente.com/annonce-2017-moto-sh.html,INCONNU!,1100000.0,Plateau,media/annonces/pics/f44b671943880a06c33be135510dce70.jpg,FCFA
https://www.dakarvente.com/annonce-2145-ktm-duke-125.html,INCONNU!,1580000.0,Fann,media/annonces/pics/329e217f128e284cb3a3870cefd3585b.jpg,FCFA
https://www.dakarvente.com/annonce-2040-honda-integra.html,INCONNU!,1500000.0,Plateau,media/annonces/pics/538e2044e5856b1db99b8c39ef5b8467.jpg,FCFA
https://www.dakarvente.com/annonce-2170-honda-sh-300i.html,INCONNU!,800000.0,Plateau,media/annonces/pics/ea366d76313a32d692522b00655b878c.jpg,FCFA
https://www.dakarvente.com/annonce-2192-scooter-suzuki.html,INCONNU!,1009654.7028301887,Non défini!,,INCONNU!
https://www.dakarvente.com/annonce-2190-suzuki-burgman-200-injection.html,INCONNU!,550000.0,Golf,media/annonces/pics/e52140ef7f045d93a161351415fb28aa.jpg,FCFA
https://www.dakarvente.com/annonce-2206-kawasaki-z800.html,INCONNU!,2000000.0,assainies,media/annonces/pics/a3e0021923a3d1d57ec389f1292146f0.jpg,FCFA
https://www.dakarvente.com/annonce-2272-moto-tvs.html,INCONNU!,900000.0,Fass,media/annonces/pics/4ccc3b7e264fa17a267e04905c03b0d8.jpg,FCFA
https://www.dakarvente.com/annonce-2318-malaguty-madison-150.html,INCONNU!,450000.0,assainies,,FCFA
https://www.dakarvente.com/annonce-2373-yamaha-tmax-dx.html,INCONNU!,3500000.0,E,media/annonces/pics/f76dee3759a5d9cc0ca373c346dc7091.jpg,FCFA
https://www.dakarvente.com/annonce-2327-scooter-beverly.html,INCONNU!,580000.0,Plateau,,FCFA
https://www.dakarvente.com/annonce-2437-kymco-agility-125.html,INCONNU!,200000.0,assainies,media/annonces/pics/6ec12b987f5a1598ecfbeacab9aecba2.png,FCFA
https://www.dakarvente.com/annonce-2438-yamaha-majesty-150.html,INCONNU!,290000.0,Dakar,media/annonces/pics/0d84bd7d2478aee270e5a02506351077.png,FCFA
https://www.dakarvente.com/annonce-2479-bmw-gs1200.html,INCONNU!,3100000.0,Maristes,media/annonces/pics/fda291222122abcdd51b957d4bf16bb4.jpg,FCFA
https://www.dakarvente.com/annonce-2456-yamaha-fz1.html,INCONNU!,1800000.0,Foire,media/annonces/pics/26d0d27d95308990411012bba3f8d1ab.jpg,FCFA
https://www.dakarvente.com/annonce-2525-majesty-skyliner-125.html,766582365,300000.0,assainies,media/annonces/pics/545adf3f35d33d46bbee4d9df9cf717d.jpeg,FCFA
https://www.dakarvente.com/annonce-2557-majesty-250.html,INCONNU!,1009654.7028301887,Dakar,media/annonces/pics/2bcb6acd967dd80a5ac28197c0a1b9ed.jpg,INCONNU!
https://www.dakarvente.com/annonce-2583-yamaha-yz85-yz450.html,INCONNU!,2400000.0,Maristes,media/annonces/pics/4297f0b2c16b681318e2c764e58573c6.jpg,FCFA
https://www.dakarvente.com/annonce-2582-ktm-sx-85.html,INCONNU!,1009654.7028301887,Plateau,media/annonces/pics/9f7a7dbf7daa1022154006f1475857ea.jpg,INCONNU!
https://www.dakarvente.com/annonce-2751-sh.html,Je vends dans un très bon etats a venre pour plus info appele moi,390000.0,assainies,media/annonces/pics/5814d7f88b032b373437d14510a5ea6d.jpg,FCFA
https://www.dakarvente.com/annonce-2733-moto-bmw-gs1200.html,INCONNU!,3500000.0,Médina,media/annonces/pics/95e2ea514841f6833ccecc33ba1d0386.jpg,FCFA
https://www.dakarvente.com/annonce-2874-moto-goccla-venant-ditalie-moteur-50-trs-puissant-et-tt-les-papiers-en-rgle.html,Moto goccla 50cm3 venant d’italie avec tous les papiers avec une très faible consommation,180.0,Fass,media/annonces/pics/a7110c1a2ef0af7fbf014d3df69e21d1.jpeg,FCFA
https://www.dakarvente.com/annonce-2823-yamaha-250-tt.html,INCONNU!,1600000.0,Mbour,media/annonces/pics/09ca6437edae43b5afed88af1ca5284d.jpg,FCFA
https://www.dakarvente.com/annonce-2833-moto-bmw-gs-1200.html,INCONNU!,3200000.0,Coeur,media/annonces/pics/3830d2e22231ccf14f70b4b8194ad9ca.jpg,FCFA
https://www.dakarvente.com/annonce-2941-yamaha-tmax-530.html,INCONNU!,1850000.0,Mbao,media/annonces/pics/ac8bfdcd60c165afbfddf0a1b91f4269.jpeg,FCFA
https://www.dakarvente.com/annonce-2982-tmax-500.html,INCONNU!,1200000.0,Dakar,media/annonces/pics/e2884a4c0511fbd1a6f8b3f4f91846b7.jpg,FCFA
https://www.dakarvente.com/annonce-3038-yamaha-yz-125.html,INCONNU!,800000.0,Almadies,media/annonces/pics/e7f5748532725c23b97790132c3df555.jpg,FCFA
https://www.dakarvente.com/annonce-3032-tmax-530.html,INCONNU!,2800000.0,Dakar,media/annonces/pics/37104617c005b47ebe834c653f7b463a.jpg,FCFA
https://www.dakarvente.com/annonce-3081-kawasaki-kx85.html,INCONNU!,800000.0,Plateau,media/annonces/pics/0a11a74b5f7ae0000b07be7ad6863474.jpg,FCFA
https://www.dakarvente.com/annonce-3296-vente-de-moto-jetski-dakar-venant-des-usa.html,"pape-matar@hotmail.fr ou pour les plus patients par whatsapp !

Au plaisir de faire affaires avec vous !",1.0,Almadies,media/annonces/pics/fe3c4f256f19c7696974a348f5c70e90.jpg,FCFA
https://www.dakarvente.com/annonce-3312-quad-polaris-500.html,INCONNU!,3560000.0,Saly,media/annonces/pics/29223fe3220eca908eb28d97ae17b9da.jpg,FCFA
https://www.dakarvente.com/annonce-3484-moto-majesty-150.html,Salut je vend  une moto majesty 150  yamaha  en bon état,200000.0,Massar,img/nophoto.png,FCFA
https://www.dakarvente.com/annonce-3601-piaggio-nrg-dd-kit-70.html,"Je cède ce magnifique Piaggio NRG DD quasi neuf avec - de 300 km au compteur.

Le forfait comprend le véhicule, un casque, une bâche et un bloque disque avec alarme.

Le scooter est muni en outre d'un acte de vente légalisé à la police centrale et d'une assurance jusqu'en décembre 2019. 

Merci de me contacter pour plus d'information.",350000.0,E,media/annonces/pics/9ea70cdf0a022570ae475cadffa17cb6.jpg,FCFA
https://www.dakarvente.com/annonce-3718-ducati-hypermotard-evo-sp-2011.html,"77 Nm à 6250 tr/min bicylindre 4T, refroidissement par air, simple ACT, 2 soupapes

très puissante robuste et maniable.

Bien entretenue rien à faire",1350000.0,Dakar,media/annonces/pics/8f33f59f2665f7e647f8568941b53684.jpg,FCFA
https://www.dakarvente.com/annonce-3859-vend-moto-bmw-gs800.html,64 367 km. Vidange et révision effectuées. Plaque et carte grise sénégalaise et à notre nom. Prix négociable.,2200000.0,Mamelles,media/annonces/pics/6b1b47b095f5231e65c47cdb3b06189f.jpg,FCFA
https://www.dakarvente.com/annonce-3901-bn-voiture.html,À vendre une moto Xmax,910000.0,Dakar,,FCFA
https://www.dakarvente.com/annonce-3919-bn-voiture.html,"always drive 

Toyota RAV4 limited AWD  Full Equip   2019 0km

33milion

4 rou motrice",1009654.7028301887,Dakar,media/annonces/pics/660c106b0455c55839c03be329c60fa5.jpg,INCONNU!
https://www.dakarvente.com/annonce-3940-sym-wolf-250.html,INCONNU!,1000000.0,Dakar,media/annonces/pics/288a845f98b4c1e66472eb1233937828.png,FCFA
https://www.dakarvente.com/annonce-3941-moto-cross.html,INCONNU!,350000.0,Urbam,media/annonces/pics/10d892d9a642fdf3d8fed7ac146e870f.png,FCFA
https://www.dakarvente.com/annonce-3953-honda-sh-150i.html,INCONNU!,550000.0,Pikine,media/annonces/pics/49d9d8ccc712ae3ab9cc796fad581836.png,FCFA
https://www.dakarvente.com/annonce-4074-bmw-gs-1200.html,INCONNU!,3500000.0,Dakar,media/annonces/pics/9544a9724f92edaca38d8d66ca59a687.png,FCFA
https://www.dakarvente.com/annonce-4078-piaggio-liberty-80.html,INCONNU!,150000.0,Dakar,media/annonces/pics/12595807127ed2c7cb3fb3d7cabbb192.png,FCFA
https://www.dakarvente.com/annonce-4210-bn-voiture.html,"Kawasaki Z1800

Avec papiers et tout",3000000.0,Dakar,media/annonces/pics/5ae87a6166da57cd974ba387f2159d3b.jpg,FCFA
https://www.dakarvente.com/annonce-4251-yamaha-n-max.html,Yamaha N MAX 125 année 2017 10000 kilomètres pratiquement neuf aucune rayure nouveau modèle de chez yamaha contactez moi sur whattsapp merci.,1200000.0,HLM,media/annonces/pics/bd23e0baf61ca9740867a7fbbaa6425a.jpeg,FCFA
https://www.dakarvente.com/annonce-4278-piaggio-liberty-4temps.html,"je vends ma moto liberty 4temps moteur 200 

merci de me contacter si intéréssé",270000.0,Ouakam,media/annonces/pics/dd5b74ed55e9f35232a7e9fecf6ddcc5.jpg,FCFA
https://www.dakarvente.com/annonce-4291-2016-bmw-s-1000rr.html,"2016 bmw s 1000rr available now at a moderate rate .

mileage is low and its in perfect condition with no accident or damage.

contact us for more information 

whatsapp... +971558571952",3000000.0,Dakar,media/annonces/pics/76afc7d459e512d1531f0a7cf7aa1bd4.jpg,FCFA
https://www.dakarvente.com/annonce-4316-pneu-moto-scooter.html,"pneu moto avant/arrière - cross, enduro, trail, route, mix, rallye - Honda, Yamaha, ktm, BMW; Aprilia, piaggio, jakarta etc Marques Michelin, dunlop, pireli, medzeler etc, dimensions 10/12/16/17/18/19/21",15000.0,Maristes,media/annonces/pics/c2246dc4daf994ea350efe3e77c36f27.jpg,FCFA
https://www.dakarvente.com/annonce-4323-moto-lifan-125.html,Moto lifan 125 vitesse avec carte grise et assurance,280000.0,assainies,media/annonces/pics/88322a3eca888fcef61d30d77724349f.jpeg,FCFA
https://www.dakarvente.com/annonce-4332-sh-150i-vendre.html,"Je vend ma moto de marque honda sh150 injection 

Moteur normal jamais touché",500000.0,Maristes,media/annonces/pics/e124ed5a9d7895fdbbbfb802c39c1220.jpg,FCFA
https://www.dakarvente.com/annonce-4462-cherche-ktm-690-smc-r.html,Cherche une KTM 690 SMC-R,1500000.0,Dakar,img/nophoto.png,FCFA
https://www.dakarvente.com/annonce-4582-ktm-250-sx-f-eu-de-2011.html,"Excellent état

4 temps, injection

Ligne DOMA

Protection/Renfort radiateur

Piston/Bielle/Kit Chaine/ 2 roues / kick quasi neuf

Entretien chez Mad Bike",1800000.0,Ouakam,media/annonces/pics/52c1b2717db85224fdb54e012a0b3403.png,FCFA
https://www.dakarvente.com/annonce-4633-mbk-80.html,Très bon état,1009654.7028301887,2,media/annonces/pics/53c7ff4c45e018bb6d068d65b0f7f9b9.jpeg,INCONNU!
https://www.dakarvente.com/annonce-4634-honda-arobase.html,"Avec papiers 

Très bon état",1009654.7028301887,2,media/annonces/pics/5190e35f0b3bb49c6dfbd0aa7aa3ce3a.jpeg,INCONNU!
https://www.dakarvente.com/annonce-4640-moto-fly.html,"Moto en très bon état 

Papiers complet",400000.0,2,media/annonces/pics/49ebfb77ea5dd187f2fda09296dd221b.jpeg,FCFA
https://www.dakarvente.com/annonce-4704-moto-liberty.html,Moto très bon état,220000.0,2,media/annonces/pics/f4797087187367d178d286846feb8bd1.jpeg,FCFA
https://www.dakarvente.com/annonce-4816-honda.html,blanc,550000.0,liberté,media/annonces/pics/bf701c90cb13896f2b3a66fb5398ed60.jpg,FCFA
https://www.dakarvente.com/annonce-4906-ktm-85-sx-2009.html,"Ktm 85sx de 2009 à vendre en bon état avec les papiers (actes de vente), pistons et segments changer y’a 2 mois, boite à clapet vforce, moto très coupleuse en haut et en bas régime, excellente pour débuter la moto cross, roule sans problème, démarre au cars de tours, je la vend au prix affiché légèrement négociable dans la limite du raisonnable. visible vers les Almadies. contactez moi (whatsapp) pour plus d’informations.",450000.0,Almadies,media/annonces/pics/982a69583809ff21c2ef7149c2aab7c6.png,FCFA
https://www.dakarvente.com/annonce-4931-moto-majesty-250-vendre.html,Moto majesty 250 en très bon état est disponible . Papiers CMC et dédouanement.,475000.0,Tivaouane,media/annonces/pics/4c6a8c013d09048bf8184f880eec6525.jpeg,FCFA
https://www.dakarvente.com/annonce-5285-liberty-200.html,Liberty moteur 200cc,500000.0,Bel-Air,media/annonces/pics/10dd046c87df7a7fae61f356aaaa6b88.jpeg,FCFA
https://www.dakarvente.com/annonce-5358-liberty-nouveau-modle-venant-avec-son-cmc-num-772910297-whatsapp-763473653.html,"Liberty nouveau modèle 

Venant avec son Cmc",425000.0,Bel-Air,media/annonces/pics/dfd0169206b87da4621f5d17880b9b87.jpeg,FCFA
https://www.dakarvente.com/annonce-5536-vend-moto-ktm-690-sm-de-2016.html,"Vend moto KTM 690 SM Arrive au Sénégal en Septembre.

Parfait état rien a prévoir.",3000000.0,Almadies,media/annonces/pics/ae63db9db7856fb541b9d77c3ad64aca.jpg,FCFA
https://www.dakarvente.com/annonce-5587-sport-city-200cc.html,Sport city 200cc à vendre avec son Cmc,550000.0,Dakar,media/annonces/pics/b110408bdb5126bcdd68599e426b32bc.jpeg,FCFA
https://www.dakarvente.com/annonce-5592-xc300.html,"Xc 300

Cylindre 250

En très bon état 

Pas de panne 

Avec papiers",300000.0,Dakar,media/annonces/pics/3188e72e0ed7f6b0c0bbd2f50b718a0f.jpeg,FCFA
https://www.dakarvente.com/annonce-5808-x-pro-sy.html,Venant propre sans papier 50 4temps puissance rapide tres propre,160000.0,Foire,img/nophoto.png,FCFA
https://www.dakarvente.com/annonce-5809-x-pro-sym-50.html,Venant propre sans papier 50 4temps puissance rapide tres propre,160000.0,Foire,img/nophoto.png,FCFA
https://www.dakarvente.com/annonce-5817-scooters-venants-avec-leur-cmc-772910297-whatsapp-763473653.html,Scooters venants avec leur Cmc,500000.0,Bel-Air,media/annonces/pics/e1af52656ad2e246eb23339040844095.jpeg,FCFA
https://www.dakarvente.com/annonce-5850-scooter-yamaha-125cc.html,"Solid, consomme peu, reisitant, bon pour tjiak thiak livraison",350000.0,Dakar,media/annonces/pics/b00d6697fc633c72589ff148eaa2ba0e.jpg,FCFA
https://www.dakarvente.com/annonce-5924-motos-xc-300.html,Deux motos Yamaha xc 300 disponible avec leur papiers,450000.0,Guédiawaye,,FCFA
https://www.dakarvente.com/annonce-6069-moto-ktm-690-sm.html,"Super KTM 690 sm a vendre.

Arrivé d'italie il.y a 5 mois

Exellent état

Papiers en règle",2800000.0,Almadies,media/annonces/pics/3b9168ba93dbffd21d3367ee263b691e.jpeg,FCFA
https://www.dakarvente.com/annonce-6077-piggio-fly-100-av.html,"Piaggio Fly 100, faible consommation très propre avec papiers, Carte Grise, veuillez me contacter pour plus d’infos.

urgent ..",300.0,Dakar,media/annonces/pics/67e74ffe8fed7e33358853edd1baaa5f.jpg,FCFA
https://www.dakarvente.com/annonce-6192-scooter-mbk.html,puissant et en bon État,250000.0,assainies,media/annonces/pics/728f6dab9a60962a97f100fde60f4079.jpg,FCFA
https://www.dakarvente.com/annonce-6194-scooter-mbk.html,puissant et en bon état,250000.0,assainies,media/annonces/pics/28342d5395ff885868c9d22d4689ac56.jpg,FCFA
https://www.dakarvente.com/annonce-6256-moto-triump.html,je cede cette superbe triumph 675 trs propre en bon.et avec ses papiers,750000.0,Rufisque,media/annonces/pics/aaee6af94e67402f101c2c703522b883.png,FCFA
https://www.dakarvente.com/annonce-6292-nnnn.html,mmmmmmmmmm,80000.0,Diamniadio,img/nophoto.png,FCFA
https://www.dakarvente.com/annonce-6318-tmax-2012-avec-moteur-560-dx-2018.html,je vends une Tmax 530 model 2012 dont on a monté un moteur 560 Dx 2018 tout neuf avec aucune panne et ses papiers de douane au complet.,2450000.0,Coeur,media/annonces/pics/38c81c928767940d4bb795d0468417b6.jpg,FCFA
https://www.dakarvente.com/annonce-6364-ktm-690-prestige-supermoto.html,+41 79/191.89.86,1450000.0,Saly,media/annonces/pics/a68aa41149556d9b6ba37217464b6b23.jpg,FCFA
https://www.dakarvente.com/annonce-6449-yamaha-xmax-venant.html,"Venant 

Avec papier 

772838094",700000.0,Dakar,media/annonces/pics/d644d311bf7234640fe44cdfc86ad46e.jpeg,FCFA
https://www.dakarvente.com/annonce-6740-beverly-500.html,Beverly 500 en bon état avec carte grise,750000.0,Yoff,media/annonces/pics/01d7dae8112de3c14fee11911f8b0c7b.jpg,FCFA
https://www.dakarvente.com/annonce-6884-bmw-s1000r.html,"BMW S1000r magnifique rouge et noir, avec 10.000 km au compteur, année 2017, 6 vitesses excellent état, un véritable bijoux.

A seulement 3.000.000.",3000000.0,Yoff,media/annonces/pics/fba4fd967c420d4f30765afdb67236e7.jpeg,FCFA
https://www.dakarvente.com/annonce-6913-vente-de-moto.html,"Aprilia rouge noir a vendre , plus ou moins en bonne état.  Vente accompagnée des papiers du véhicule",200000.0,Almadies,media/annonces/pics/add49fe140f1e325b342de64fc5790a4.jpg,FCFA
https://www.dakarvente.com/annonce-6928-moto-jakarta.html,Jakarta a vendre avec carte a grize et caske offér,215000.0,Massar,media/annonces/pics/e19fa6a6706c1fcdd8dedde2b0a4d094.png,FCFA
https://www.dakarvente.com/annonce-6941-tmax-dx.html,Tmax dx 2018 avec 18000km ayant carte grise,3000000.0,Dakar,media/annonces/pics/66f7726361d8cd704e7be55131cc4c4d.jpg,FCFA
https://www.dakarvente.com/annonce-7117-emploi.html,Je veux juste un travail,60000.0,Colobane,img/nophoto.png,FCFA
https://www.dakarvente.com/annonce-7229-scooter.html,Je vend un scooter venant moteur 150cm3 avec cmc.,435000.0,Guédiawaye,media/annonces/pics/68e395df2c599849355f192a2ac79338.jpg,FCFA
https://www.dakarvente.com/annonce-7247-tricycle-moto-taxi-200cc-en-trs-bon-tat.html,"Vend moto Taxi tricycle en très bonne état n'ayant roulé que 2 mois avec tous les papiers en règle (carte grise, assurance) moteur 200cc.",1000000.0,Rufisque,media/annonces/pics/67d8803c16fa011c3accc8d6df614c79.jpg,FCFA
https://www.dakarvente.com/annonce-7348-vente-moto-avec-papiers-en-rgle.html,Je vends une moto Honda Forza en bon état avec carte grise.,400.0,Dakar,media/annonces/pics/44e5ac2fbdf4609fdc0f8993b7ddede1.jpg,FCFA
https://www.dakarvente.com/annonce-7444-sport-city-200cc.html,je mets en vente cette jolie moto venant sport city 200cc moteur nickel jamais touché avec cmc. contactez moi,420000.0,E,media/annonces/pics/15c373770ff330cd403daee16a3b7922.jpg,FCFA
https://www.dakarvente.com/annonce-7521-moto-tvs-star-sport-avec-cmc.html,Moto TVS SATR SPORT 125 tres propre avec CMC,600000.0,Kolda,media/annonces/pics/07889901270d7446ca272a891fd1b317.jpg,FCFA
https://www.dakarvente.com/annonce-7530-honda-varadero-1000cc.html,honda varadero 1000 cm3 en vente pour cause de départ. très bon état papiers au complet. compteur 118000km,1500000.0,Dakar,media/annonces/pics/ba7efededd3524b1b5766045b57e07d9.jpg,FCFA
https://www.dakarvente.com/annonce-7649-honda-xadv.html,"HONDA XADV FIN 2018 FULL OPTIONS...VENANT



- CARTE GRISE EN REGLE DEPUIS LE 15 MARS



- ASSURANCE 1 ANS



PRIX FERME



Conatct 783375158 xadv x adv tmax t max",3900000.0,Dakar,media/annonces/pics/6f4e6228e6ef65c909aa2c51d5ec3fbd.jpeg,FCFA
https://www.dakarvente.com/annonce-7687-yamaha-neo-s-extrmement-puissant.html,Yamaha neo's tout neuf extrêmement puissant vous n'allez pas le regretter,280000.0,Dakar,media/annonces/pics/cad4ef26ef65f3d0bb6c57888d340534.jpg,FCFA
https://www.dakarvente.com/annonce-7764-a-vendre-motocross-yamaha-yz450.html,A vendre MOTOCROSS YAMAHA YZ450,1500000.0,Almadies,media/annonces/pics/dc8306b795ffada68ac352e6ec5876ab.jpg,FCFA
https://www.dakarvente.com/annonce-7956-typhoon.html,Scooteur en bon état,100000.0,Dakar,media/annonces/pics/b4ba2d0d3600bc8ad76247626cb783a3.jpg,FCFA
https://www.dakarvente.com/annonce-8236-x9-500.html,je vends scooter X9 500 en très bon etat avec tous les papiers.,600000.0,Rufisque,media/annonces/pics/7c0d2666218bee63fbcbff23c73fe7f5.jpg,FCFA
https://www.dakarvente.com/annonce-8508-xcity-250-injection.html,Je céde une Xcity 250 injection venant avec tous ses papiers nouvelle carte à grise 2020 et assurance,800000.0,Coeur,media/annonces/pics/cec87116f8f1387f52ca5f26d3da0a99.jpeg,FCFA
https://www.dakarvente.com/annonce-8649-typhoon-nouveau-modle.html,"Moto impeccable

Faiblesse consommation essence

Prix négociable",180000.0,2,media/annonces/pics/1bdac600c438b0e86c47baf4cc4677b9.jpg,FCFA
https://www.dakarvente.com/annonce-8688-beverly-500i.html,"Beverly 500i Tres puissant e Tres Jolie rien a faire, venant Italy d'ici quelque jours inshalla",800000.0,Thiès,media/annonces/pics/6624c295d2787d64ceb8b0dc4dbccf8e.jpeg,FCFA
https://www.dakarvente.com/annonce-8689-yamaha-xmax-250i.html,Yamaha XMax 250i Tres propre rien a faire venant Italy d'ici quelque jours inshalla,700000.0,Thiès,media/annonces/pics/43115af59d16c2a9ce9fba2d7098595e.jpg,FCFA
https://www.dakarvente.com/annonce-8690-yamaha-xmax-250i.html,Yamaha XMax 250i Tres propre rien a faire venant Italy d'ici quelque jours inshalla,700000.0,Thiès,media/annonces/pics/1383c54eed02da44b469d70724fcdfbb.jpg,FCFA
https://www.dakarvente.com/annonce-9224-vends-jakarta.html,"Pour cause de départ, je vends ma Jakarta, bien entretenue, bon état, avec CMC.",200000.0,Yoff,media/annonces/pics/007195e69a85a20b2e576adba0b01669.jpg,FCFA
https://www.dakarvente.com/annonce-9231-piaggio-zip-sp-50cc.html,Scooter venant tout propre moteur nickel prix négociable,250000.0,Dieuppeul,media/annonces/pics/d768c605e4910234df8ee45029ef4fda.jpg,FCFA
https://www.dakarvente.com/annonce-9581-yamaha-x-city-250i.html,"Ce scooter à grandes roues (16 pouces à l’avant et 15 pouces à l’arrière) et selle basse est un parfait mélange d'agilité et de confort. 

Grâce à son moteur de 250 cm³ à injection, ce scooter est aussi très plaisant à utiliser au quotidien",800000.0,Dakar,media/annonces/pics/8bb9e70abc1cce5ba4c66172b680a757.jpeg,FCFA
https://www.dakarvente.com/annonce-10212-vente.html,Je bazarde l moto pour une prix abordable liberty sh 150 injection tout impeccable avec cmc assurance 1 année besoin d'argent,1009654.7028301887,Rufisque,img/nophoto.png,INCONNU!
https://www.dakarvente.com/annonce-10731-2018-bmw-r-1200-gs-adventure.html,"2018 BMW R 1200 GS ADVENTURE

whatsapp... +17068433693",3000000.0,Dakar,media/annonces/pics/0b8ac28338bdbf71fdda8d98ffcd8bd5.jpg,FCFA
https://www.dakarvente.com/annonce-10733-2013-kawasaki-z1000.html,2013 KAWASAKI Z1000 available now .,1009654.7028301887,Dakar,media/annonces/pics/5ca8c8908a8cee31d04ff6a24d2746ce.jpg,INCONNU!
https://www.dakarvente.com/annonce-10734-2016-suzuki-gsxr-1000-whatsapp-17068433693.html,"2016 suzuki gsxr 1000 available now at a moderate rate .

mileage is low and its in perfect condition with no accident or damage.

contact us for more information",1009654.7028301887,Dakar,media/annonces/pics/07c7db14286df7377e99c5d8bf4ebfce.jpg,INCONNU!
https://www.dakarvente.com/annonce-10801-moto-super-gorilla.html,Je vend un super gorilla,80000.0,Tambacounda,img/nophoto.png,FCFA
https://www.dakarvente.com/annonce-10813-malagutti-f10.html,Sans papier,115000.0,Thiès,media/annonces/pics/8840b9f93a039723d2f3e61a7e35bbf4.png,FCFA
https://www.dakarvente.com/annonce-11285-gilera-nexus-500.html,"GILERA NEXUS 500 maxi scooter sportif et rapide venant avec CMC moteur très puissant avec faible consommation en carburant pour vos déplacements vos travaux, longues voyages, loisirs etc . Disponible a pikine contacter moi au 78 486 04 37 si intéressé .",700000.0,Pikine,media/annonces/pics/a94c53a5c4acf4513f75800423c5cc0d.jpg,FCFA
https://www.dakarvente.com/annonce-11654-yamaha-majesty.html,Yamaha Majesty venant a vendre papier CMC original moteur jamais touché carnage Propre,550000.0,Dakar,media/annonces/pics/7753839410951f27c3feefdbeb7bac63.jpg,FCFA
https://www.dakarvente.com/annonce-11664-yamaha-piwi-50-2008.html,761459728,150000.0,Coeur,media/annonces/pics/16c48200f8eac2b85cdc8749b5d98aef.jpeg,FCFA
https://www.dakarvente.com/annonce-11678-piaggio-carnaby-125.html,"Piaggio carnaby 125 moteur venant 

   Avec cmc",365000.0,Guédiawaye,media/annonces/pics/ad83e0176e80dd20538c2a9368073d50.jpeg,FCFA
https://www.dakarvente.com/annonce-11940-vendre-mon-moto-xmax250.html,Je vends ma moto marque Xmax250 avec papiers Cmc,300000.0,Batrain,media/annonces/pics/2495feed137dc4a675b2c1cc4cdf8716.jpg,FCFA
https://www.dakarvente.com/annonce-12238-honda-xadv.html,Exhaust IX plus homologué et Footpeg.,3850000.0,Dakar,media/annonces/pics/27db1a227e2ca7bb29d324de22c9b415.jpg,FCFA
https://www.dakarvente.com/annonce-12562-moto-vendre-jakarta-ktm-avec-s-est-papier.html,Moto à vendre Jakarta KTM avec ses papiers,160000.0,Massar,img/nophoto.png,FCFA
https://www.dakarvente.com/annonce-13013-moto-flu-derby-125.html,"Superbe moto , fly Derby 125 cc , très bon état , avec cmc original , vente a cause de départ",325000.0,Dakar,media/annonces/pics/9c4315f88d48aa4ec44d327dd9bd8c4e.jpeg,FCFA
https://www.dakarvente.com/annonce-13598-moto.html,Moto Honda Nigthawk à vendre,650000.0,Dakar,media/annonces/pics/9b31411a6542a94162edcf5a4202419c.jpg,FCFA
https://www.dakarvente.com/annonce-14386-moto-kymco.html,Kymco,350000.0,tapée,media/annonces/pics/de47b6a2a02a78dbcb9c2155a047425b.jpg,FCFA
https://www.dakarvente.com/annonce-14601-honda-forza.html,Honda,450000.0,Ouakam,media/annonces/pics/9a8d029839e3d06305c97d31a89d7a00.jpg,FCFA
https://www.dakarvente.com/annonce-14852-scooter-vendre.html,Yamaha,750000.0,Almadies,media/annonces/pics/800130d731aa37be30ce2e22da92e353.jpg,FCFA
https://www.dakarvente.com/annonce-15194-moto-jakarta.html,"Moto Jakarta lifan avec sa carte grise, l'assurance  cms et tous les documents. Appelez-moi pour voir la moto.

personnes sérieuses uniquement.

Ne me perd pas mon temps si tu n'es pas prêt",320000.0,Foire,img/nophoto.png,FCFA
https://www.dakarvente.com/annonce-15268-vente-dune-moto-majesty-400-neuve.html,Neuf,900000.0,Almadies,media/annonces/pics/4f0edc3ac1e65dd1b4119175dbc149ce.jpg,FCFA
https://www.dakarvente.com/annonce-15272-honda-sh300i.html,Neuf,1000000.0,6,media/annonces/pics/0c69d65108fab183dc7aeb18cd1d7162.jpeg,FCFA
https://www.dakarvente.com/annonce-15551-burgman-150.html,Burgman,450000.0,Rufisque,media/annonces/pics/8c536965491fccaf727652ef86b6f9b0.jpg,FCFA
https://www.dakarvente.com/annonce-15830-burgman-400.html,Occasion,850000.0,Rufisque,media/annonces/pics/f439b30868297653923b7962cba2811a.jpg,FCFA
https://www.dakarvente.com/annonce-16525-burgman-400.html,Suzuki,850000.0,Rufisque,media/annonces/pics/96b03b579c89e112f0115d1f197b4c28.jpg,FCFA
https://www.dakarvente.com/annonce-16573-kymco-people-200.html,"Kymco people 200 utilisé pendant une année.

En ce moment il est en panne de moteur (piston).",250000.0,Dakar,media/annonces/pics/2f926be0b4a8deac0bf07526d7839266.jpg,FCFA
https://www.dakarvente.com/annonce-17004-vespa-lx-150.html,Vespa,520000.0,Dakar,media/annonces/pics/e5a33e6316119ee9c57dacf5e00de283.jpg,FCFA
https://www.dakarvente.com/annonce-17116-yamaha-mt03.html,Yamaha,1400000.0,Pikine,img/nophoto.png,FCFA
https://www.dakarvente.com/annonce-17503-moto-kawazaki.html,Kawazaki,950000.0,Diamniadio,media/annonces/pics/b1b7bff1eb645a7939452b8dc2d6aeef.jpg,FCFA
https://www.dakarvente.com/annonce-17563-moto-enduro-honda.html,Honda,1200000.0,6,media/annonces/pics/1a98e31f3bc554b499bfab9c48d0fb21.jpg,FCFA
https://www.dakarvente.com/annonce-17700-moto-atlantique.html,Occasion,600000.0,Mbao,media/annonces/pics/8d1681435eb681ccdd3a39014d7c67e3.jpeg,FCFA
https://www.dakarvente.com/annonce-17971-recherche-ma-toute-premire-moto.html,Occasion,250000.0,Mermoz,img/nophoto.png,FCFA
https://www.dakarvente.com/annonce-18031-scooter.html,Scooter Kymco Malaguti Moteur 150 cc,400000.0,6,media/annonces/pics/b21168cd68938a84d8a42c46ad5cb129.jpg,FCFA
https://www.dakarvente.com/annonce-18295-scooter-x8.html,"Je vends un scooter x8 venant très puissant. Moteur 200 turbo jamais touché.

Tout est nickel. 

Rien à signaler avec cmc original.",650000.0,Yoff,media/annonces/pics/d8cb64cacbe67da3ecf9947851df07e4.jpg,FCFA
https://www.dakarvente.com/annonce-18300-scooter-piaggio-typhoon.html,Piaggio,130000.0,Dakar,media/annonces/pics/a8d1b0eea9e72cae0bac9441e94aab97.jpeg,FCFA
https://www.dakarvente.com/annonce-18371-moto-majesty.html,"Bonjour, je vend une moto de marque Majesty.",350000.0,assainies,media/annonces/pics/b0a6266d5d9b002916ea9fca764be8ce.jpeg,FCFA
https://www.dakarvente.com/annonce-18566-xmax-nouveau-modle.html,Xmax,850.0,Dakar,media/annonces/pics/d9a0ad69db20a4322caf5bf0c5082c65.jpeg,FCFA
https://www.dakarvente.com/annonce-18640-quad-juanshie-250.html,Juanshie,100.0,Thiaroye,img/nophoto.png,FCFA
https://www.dakarvente.com/annonce-18663-bmw-1200-gs.html,BMW,2000000.0,Rufisque,media/annonces/pics/95ac31b8f0b2c68e198704e55a476b86.jpg,FCFA
https://www.dakarvente.com/annonce-19434-gilera-runner.html,Gilera,375000.0,Thiès,media/annonces/pics/5af8cb8892b78dfcb91399b4723c3a36.jpeg,FCFA
https://www.dakarvente.com/annonce-19660-piaggio-2t.html,Piaggio,1009654.7028301887,Guédiawaye,media/annonces/pics/f73504a20c07438b8abd22fb8764dd70.jpg,INCONNU!
https://www.dakarvente.com/annonce-19895-jakarta-yamaha-nouveau-modele.html,YAMAHA,350000.0,Colobane,,FCFA
https://www.dakarvente.com/annonce-19906-vente-de-majesty-400-neuf.html,Yamaha,900000.0,Amitié,media/annonces/pics/998dd79361eaebce0aa28fda821ce54d.jpg,FCFA
https://www.dakarvente.com/annonce-20104-vlo-urbain.html,"Vélo en presque bon état.

 La chaîne a parfois des ratés.",45000.0,Louis,media/annonces/pics/9feb5c374a36d6f958764d14190342e1.jpg,FCFA
https://www.dakarvente.com/annonce-20533-tmax-560-2020.html,Yamaha,5500000.0,Mermoz,media/annonces/pics/0ba2b089525be847ea1479a338732aba.jpeg,FCFA
https://www.dakarvente.com/annonce-20670-piaggio-fly-4t-50.html,Piaggio,300000.0,Guédiawaye,media/annonces/pics/c734cdef3b118f84c5d2fd33bfb30619.jpg,FCFA
https://www.dakarvente.com/annonce-20721-sym-citycom-300i.html,Occasion,850000.0,Rufisque,img/nophoto.png,FCFA
https://www.dakarvente.com/annonce-21120-piaggio-liberty-2t.html,Piaggio,285000.0,Guédiawaye,media/annonces/pics/317e3afefa06c8586121bc19eab383b5.jpg,FCFA
https://www.dakarvente.com/annonce-21797-jakarta-ktm.html,Je cherche un fournisseur de Jakarta Ktm,1009654.7028301887,Kaolack,media/annonces/pics/57ab41f08c830ba2ebd51f068d562c50.jpg,INCONNU!
https://www.dakarvente.com/annonce-22141-vends-scooter.html,cmc garanti en option (a discuter si besoin).,450000.0,assainies,media/annonces/pics/9c41df0c588e282fc417e5aa172fb976.jpeg,FCFA
https://www.dakarvente.com/annonce-22147-gilera-runner-vxr-200.html,Gilera,600000.0,Guédiawaye,media/annonces/pics/db313944c5896a56a75835f28c43aeac.jpg,FCFA
https://www.dakarvente.com/annonce-22349-typhoon-nouveau-modle.html,Typhoon,275000.0,Guédiawaye,media/annonces/pics/2ac2a66480275615046ce8420e745d88.jpg,FCFA
https://www.dakarvente.com/annonce-22599-runner-vxr-200.html,GILERA,500000.0,Guédiawaye,media/annonces/pics/797720a59e52931e85be1d748afeb701.jpg,FCFA
https://www.dakarvente.com/annonce-22676-piaggio-liberty-50.html,Piaggio,275000.0,Guédiawaye,media/annonces/pics/8dd9c8b2ec673e349c6fca9caab409a2.jpg,FCFA
https://www.dakarvente.com/annonce-23095-a-vendre-moto-yamaha-250-ttr.html,Yamaha,1250000.0,Mbour,media/annonces/pics/f27a557911b4b72beb8fd36126b5f095.jpg,FCFA
https://www.dakarvente.com/annonce-23097-tricycle-150cc-170-cm.html,1000 kg,1270000.0,Coeur,media/annonces/pics/654b14c67dd2516f99f72a36b3c7623c.jpg,FCFA
https://www.dakarvente.com/annonce-23214-moto-honda-sh.html,Honda,650000.0,Thiès,media/annonces/pics/5138e8ca722a631c190d15085c68ad60.jpg,FCFA
https://www.dakarvente.com/annonce-23647-honda-sh-300.html,Honda,600000.0,d'Oie,media/annonces/pics/42cdfc6205830f2f91861afb1660a5af.jpeg,FCFA
https://www.dakarvente.com/annonce-23692-gilera-runner-sp-250cc.html,Gilera,875000.0,Guédiawaye,media/annonces/pics/812bfd371a18959b0bd853e715ca7bd4.jpg,FCFA
https://www.dakarvente.com/annonce-23923-magesty-400-nouveau-modle.html,Neuf,900000.0,Castors,media/annonces/pics/6ff74ccc430bc37dadf0969b07f5e56c.jpg,FCFA
https://www.dakarvente.com/annonce-23962-xmax-2012.html,Neuf,950000.0,Dakar,,FCFA
https://www.dakarvente.com/annonce-24241-liberty-4t-50cc.html,Neuf,290000.0,Golf,media/annonces/pics/462137887b669b5421180bdfd78c9774.jpg,FCFA
https://www.dakarvente.com/annonce-24359-vente-d-une-moto-honda-forza-250.html,Honda,550000.0,Ziguinchor,media/annonces/pics/9be619c183561eee98f605fee19b1da9.jpg,FCFA
https://www.dakarvente.com/annonce-24466-ktm-gt-1200-super-duke-2017.html,Occasion,2500000.0,Mamelles,media/annonces/pics/9920bb50ded4f4e7ad60199ca6fce7f7.jpg,FCFA
https://www.dakarvente.com/annonce-24744-ovetto-100cc.html,Neuf,275000.0,Golf,media/annonces/pics/d9f090f138dd797451be838d887aa898.jpeg,FCFA
https://www.dakarvente.com/annonce-24868-bmw-f800-gs.html,+33634554277,2000000.0,Dakar,media/annonces/pics/caacb52fe71e30ac10239b1b55b2488b.png,FCFA
https://www.dakarvente.com/annonce-25040-liberty.html,Neuf,370000.0,HLM,,FCFA
https://www.dakarvente.com/annonce-25147-av-ette-piaggio-125.html,Piaggio,200000.0,Golf,media/annonces/pics/c61c507b92dabe0f877674cd36f8d0c7.jpg,FCFA
https://www.dakarvente.com/annonce-25179-moto-versa.html,"Moto de marque Versa

Année 2012

Cylindres 125

Aucun problème 

Rien à refaire à part le rétroviseur",550000.0,Guédiawaye,media/annonces/pics/20d3b533954f826ad5de2f070c983fe7.jpeg,FCFA
https://www.dakarvente.com/annonce-25191-moto-jakarta-ktm.html,Neuf,350000.0,Massar,media/annonces/pics/93f0d333a19f35fff349af5b743ed211.jpeg,FCFA
https://www.dakarvente.com/annonce-25406-mbk-rocket-80cc.html,Mbk,275000.0,Dakar,media/annonces/pics/909215e72436a78e3c9b8b178f2ea85f.jpeg,FCFA
https://www.dakarvente.com/annonce-25495-scooter-x9-foresight.html,Foresight,600000.0,Amitié,media/annonces/pics/fef89f3a494ca48ffb87e9986366f8e4.jpg,FCFA
https://www.dakarvente.com/annonce-25611-honda-vision.html,Honda,450000.0,Golf,media/annonces/pics/5564ba1d5cd3879e52b75038a1ae654b.jpeg,FCFA
https://www.dakarvente.com/annonce-25669-vespa-primavera-4t50.html,Neuf,420000.0,Dakar,media/annonces/pics/e864653a4136821c30d03e6189c407fc.jpeg,FCFA
https://www.dakarvente.com/annonce-25874-honda-panthon-150.html,Honda,400000.0,Thiès,media/annonces/pics/6577782eb00984b4f1e928b1319cb97a.jpg,FCFA
https://www.dakarvente.com/annonce-26004-piaggio-liberty-50cc.html,Piaggio,285950.0,Dakar,,FCFA
https://www.dakarvente.com/annonce-26505-moto-suzuki-bandit.html,Suzuki,1300000.0,Rufisque,media/annonces/pics/827ac09de28a1c22fe48dae267411a26.jpeg,FCFA
https://www.dakarvente.com/annonce-26881-scooter-sh.html,je vends un scooter SH waw kong,670000.0,Bel-Air,media/annonces/pics/27a69b0c65215a23bcfb13db8ac436f1.jpeg,FCFA
https://www.dakarvente.com/annonce-27085-quad-kymco-50-comptition-neu50f.html,QUAD,1009654.7028301887,Thiaroye,media/annonces/pics/422ec73a1311199bffc7559055925d45.png,INCONNU!
https://www.dakarvente.com/annonce-27152-jakarta-house.html,Neuf,390000.0,Mbao,media/annonces/pics/6640e6d90c303bfa979bb25b65ef7c5c.jpeg,FCFA
https://www.dakarvente.com/annonce-27195-liberty-s-nouveau-modle-50.html,Piaggio,480000.0,Guédiawaye,media/annonces/pics/f120ea78b096c38971ef15d9ac2f52af.jpeg,FCFA
https://www.dakarvente.com/annonce-27239-typhoon.html,Neuf,230000.0,Dakar,media/annonces/pics/f40cc16c4b2dd6fe7ecd6838978e7bdd.jpeg,FCFA
https://www.dakarvente.com/annonce-27516-moto-yamaha-tzr.html,Occasion,290999.0,Sébikotane,media/annonces/pics/b9fa456d50fff7eda4c77a2b31362a53.jpg,FCFA
https://www.dakarvente.com/annonce-27664-tmax-530-2012.html,Neuf,2700000.0,Dakar,media/annonces/pics/a10851de6e19e70a761cba8d3a3f942a.jpeg,FCFA
https://www.dakarvente.com/annonce-27810-vespa-primavera-150cc-nouveau-modle.html,Neuf,950000.0,Pikine,media/annonces/pics/5cd52df28427f4c9e7e6707856d4cefc.jpeg,FCFA
https://www.dakarvente.com/annonce-27846-vespa-primavera-s-100cc.html,Vespa,650000.0,Golf,media/annonces/pics/db4fc8c58c2785ca96b03b6c5ff317c4.jpeg,FCFA
https://www.dakarvente.com/annonce-27847-piaggio-liberty-50-cc-2-temps.html,Occasion,180000.0,Bel-Air,media/annonces/pics/7f1561d734326fe950abbdb77958710e.jpg,FCFA
https://www.dakarvente.com/annonce-28041-xmax-250.html,Occasion,650000.0,Guédiawaye,media/annonces/pics/acfbb10c76f035f45860964fdb356506.jpeg,FCFA
https://www.dakarvente.com/annonce-28047-piaggio-fly-nouveau-modle-4t50cc.html,Neuf,375000.0,Guédiawaye,media/annonces/pics/dab8d05f9059e067132dca5519235c9f.jpeg,FCFA
https://www.dakarvente.com/annonce-28063-piaggio-runner-vxr.html,"Je vend mon moto Piaggio Runner Vxr.

Nouveau modèle papier complet.

Moteur 125cc.",550000.0,Dakar,media/annonces/pics/2ede85ae2b3f18e5af8f620e8e6c5c4b.jpg,FCFA
https://www.dakarvente.com/annonce-28295-scooter-vendre.html,Je vends mon scooter de très faible consommation et facile à manœuvrer en très bon état avec CMC.,400000.0,Dakar,media/annonces/pics/31ec922bc826146f63321e3cc9acab39.jpeg,FCFA
https://www.dakarvente.com/annonce-28318-piaggo-x9-500-avec-carte-grise-et-assurance.html,Piaggo X9 500 avec carte grise et assurance en très bon état.,500000.0,Coeur,media/annonces/pics/b1351bd928ff049fe812d69bb415b1e9.jpeg,FCFA
https://www.dakarvente.com/annonce-28320-jakarta-ktm.html,Neuf,390000.0,Massar,media/annonces/pics/6b907568d682507c64da7ce55862a427.jpeg,FCFA
https://www.dakarvente.com/annonce-28322-scooter-vendre.html,Occasion,700000.0,Pikine,media/annonces/pics/3d00d05f3b315ef3191013de0a191e5f.jpg,FCFA
https://www.dakarvente.com/annonce-28327-piaggio-liberty-50cc.html,Piaggio,350000.0,Guédiawaye,media/annonces/pics/2b1060ea46fe52ff0f0f2dd0ba43dce6.jpeg,FCFA
https://www.dakarvente.com/annonce-28335-honda-sh.html,Neuf,500000.0,Dakar,media/annonces/pics/2680b349abd538386d66d8348ea881fa.jpeg,FCFA
https://www.dakarvente.com/annonce-28336-fly-piaggio.html,Neuf,350000.0,Dakar,media/annonces/pics/c73225681ab199b26b96e3bd51a113ef.jpeg,FCFA
https://www.dakarvente.com/annonce-28532-piaggio-typhoon-50.html,Neuf,230000.0,Dakar,media/annonces/pics/34f828c1ac766fa8af0d9d8c2141212a.jpeg,FCFA
https://www.dakarvente.com/annonce-28578-liberty-150i.html,Neuf,350000.0,Dakar,media/annonces/pics/6e9ed039fa113ea7de58622e370d8b49.jpeg,FCFA
https://www.dakarvente.com/annonce-28599-aprillia-sr-factory-50cc.html,Neuf,350000.0,Guédiawaye,media/annonces/pics/2a343fa5d2b1f20f5c6ddce4f11c2132.jpeg,FCFA
https://www.dakarvente.com/annonce-28779-derbi-atlantis-100cc-4t.html,Derbi,365000.0,Guédiawaye,media/annonces/pics/a180c99eb072e9d621590e835c9d790c.jpeg,FCFA
https://www.dakarvente.com/annonce-28889-fly-nouveau-modle-4t100cc.html,Piaggio,375000.0,Guédiawaye,media/annonces/pics/e997ff718fc03ae31f5f586c6451681e.jpeg,FCFA
https://www.dakarvente.com/annonce-28890-liberty-s-nouveau-modle-4t50cc.html,Piaggio,320000.0,Guédiawaye,media/annonces/pics/63cf4cd8f2bc808617476f2382400862.jpeg,FCFA
https://www.dakarvente.com/annonce-28891-kymco-agility-4t50cc.html,Kymco,350000.0,Guédiawaye,media/annonces/pics/ec48a09cb7c1411092f84ec38d8fb72e.jpeg,FCFA
https://www.dakarvente.com/annonce-28918-vente-moto-honda-x-adv-2018.html,Vente moto - Honda X-ADV 2018 avec carte grise en très bon état.,1900000.0,Dakar,media/annonces/pics/80a8275feedc33d61dd8caa227d30d80.jpeg,FCFA
https://www.dakarvente.com/annonce-28937-zip-2t-50cc.html,Neuf,1009654.7028301887,Almadies,media/annonces/pics/b93179e3214e9d7b95a7bba67e1b347f.jpeg,INCONNU!
https://www.dakarvente.com/annonce-28939-piaggio-liberty-50-cc-2-temps.html,Occasion,185000.0,Bel-Air,media/annonces/pics/df0e504671260e69ade66ac80518ea13.jpg,FCFA
https://www.dakarvente.com/annonce-28942-moto-jakarta-ktm.html,Occasion,1009654.7028301887,Castors,media/annonces/pics/3fbd3dd7c2d4a0bfe4b7234ad01b85c5.jpg,INCONNU!
https://www.dakarvente.com/annonce-28971-xcity-250ie-anne-2019.html,Neuf,850000.0,HLM,media/annonces/pics/22c08291fd22f05e896ce57754118280.jpg,FCFA
https://www.dakarvente.com/annonce-29047-runner-50cc.html,Neuf,380000.0,Guédiawaye,media/annonces/pics/7e1dbcdebdbe7bd54dad32c38a2c19c9.jpeg,FCFA
https://www.dakarvente.com/annonce-29072-malaguti-f12r-50cc.html,Malaguti,375000.0,Guédiawaye,media/annonces/pics/0c99666504b4ea03a67ac9b5a60c46f0.jpeg,FCFA
https://www.dakarvente.com/annonce-29093-ford-ranger-2016.html,Neuf,11900000.0,Dakar,media/annonces/pics/ab269ec538a74050ba39a7531b40e56f.jpeg,FCFA
https://www.dakarvente.com/annonce-29220-vespa-lx-125cm3-carburateur.html,Occasion,500000.0,HLM,media/annonces/pics/2fa7707f89691f28d6bc911411082869.jpg,FCFA
https://www.dakarvente.com/annonce-29232-scooter-agilty-kymco.html,Kymco,350000.0,Maristes,media/annonces/pics/1ae3ab61c21ffee8ec9d394d819bad8d.jpeg,FCFA
https://www.dakarvente.com/annonce-29245-mio-100cm3-carburateur.html,Occasion,375000.0,HLM,media/annonces/pics/8c212255e3f4c10bf0c24e1b680ba6a3.jpg,FCFA
https://www.dakarvente.com/annonce-29439-malaguti-drakon-50cc.html,Malaguti,400000.0,Maristes,media/annonces/pics/608982c547d9469fcb6940da38e4715a.jpeg,FCFA
https://www.dakarvente.com/annonce-29528-piaggio-liberty-50-cc-2-temps.html,Occasion,185000.0,Bel-Air,media/annonces/pics/9e9a642b3a5999cd71bce425a9bd44bb.jpg,FCFA
https://www.dakarvente.com/annonce-29583-scooter-piagio-x8.html,Occasion,350000.0,Cambérène,media/annonces/pics/e4efe94a05d8d390610b64056a85433a.jpg,FCFA
https://www.dakarvente.com/annonce-29624-motos-vendre.html,Neuf,550000.0,Castors,media/annonces/pics/73b86a51ad4f78da22a5645039e92ec6.jpg,FCFA
https://www.dakarvente.com/annonce-29670-moto-jakarta.html,Occasion,1009654.7028301887,Castors,media/annonces/pics/3c49a28aed57ee46e4c011f779a10902.jpg,INCONNU!
https://www.dakarvente.com/annonce-29895-jakarta-house-venant.html,Neuf,400000.0,Massar,media/annonces/pics/be83332f16da42273bdfa06a046293f9.jpeg,FCFA
https://www.dakarvente.com/annonce-30055-moto-xmax-250.html,Neuf,70.0,Bambey,media/annonces/pics/d2b56d5e9288270599418ae8adbce5c3.jpg,FCFA
https://www.dakarvente.com/annonce-30119-scooter-aprillia-moteur-200.html,Occasion,500000.0,Mbao,media/annonces/pics/d0a42a4569f9df2f0402c79f2a1f2733.jpeg,FCFA
https://www.dakarvente.com/annonce-30155-kymco-agility-r16-150ie-anne-2020-cmc-disponible.html,Occasion,675000.0,HLM,media/annonces/pics/9cb80634c5db7f32fa714e90bc5bcff9.jpg,FCFA
https://www.dakarvente.com/annonce-30450-zusuki-burgman-125cc.html,"Salam, je vend mon scooter de Marque Zusuki Burgman 125cc en trés bon etat...carte grise ok..AA......HR...Moteur jamais ouvert....Ya rien a refaire.  Dieunde def guinz gnibi...",450000.0,Dakar,media/annonces/pics/5d0e6d58bd99c35019dced399739c9c8.jpg,FCFA
https://www.dakarvente.com/annonce-30455-xmax-250-avec-cmc.html,Yamaha,950000.0,Dakar,media/annonces/pics/848926fe1db5b6fba669ebce9c619011.jpeg,FCFA
https://www.dakarvente.com/annonce-30609-ovetto-neos-50cc.html,Neuf,275000.0,Golf,media/annonces/pics/aaf8dd5ea8448c77388c26875f38a758.jpeg,FCFA
https://www.dakarvente.com/annonce-30805-x8-piaggio-200cm3.html,Piaggio,625000.0,HLM,media/annonces/pics/aa6cf9693626c21c7e686fd0b3d59846.jpg,FCFA
https://www.dakarvente.com/annonce-30848-scooter-sh-honda.html,Occasion,600000.0,Mbao,media/annonces/pics/32527cd073dec32e8f52422f35961d67.jpeg,FCFA
https://www.dakarvente.com/annonce-31298-sportcity-200cc.html,Aprillia,650000.0,Golf,media/annonces/pics/0ee4c1f7cdb2e31cb56d596e916122b4.jpeg,FCFA
https://www.dakarvente.com/annonce-31311-jakarta-house.html,Neuf,400000.0,Massar,media/annonces/pics/fe12d76edada539bf80b2cc309b5b060.jpeg,FCFA
https://www.dakarvente.com/annonce-31382-cygnus-125ie-injection-venant-papiers-cmc-disponible.html,Neuf,625000.0,HLM,media/annonces/pics/b9b891aba36cee007a420c63756bec11.jpg,FCFA
https://www.dakarvente.com/annonce-31425-honda-vision-110ie-anne-2012-venant-papiers-cmc-original.html,Neuf,625000.0,Fass,media/annonces/pics/f3c9c8a644f0e267473d2ffa80730b10.jpg,FCFA
https://www.dakarvente.com/annonce-31426-liberty-125cm3-carburateur-nouveau-modle-venant-papiers-cmc-original.html,Neuf,675000.0,Fass,media/annonces/pics/b7acecbc5e75ca06d0e689e22734a7b5.jpg,FCFA
https://www.dakarvente.com/annonce-31839-scooter-honda-dylan.html,Honda,450000.0,assainies,media/annonces/pics/f60da281682d924ba6b18ffefff9c6f7.jpeg,FCFA
https://www.dakarvente.com/annonce-31943-kymco-g-dink-jager-125ie-injection-modle-2015-venant-papiers-cmc-original-prix-675000fr.html,Neuf,675000.0,HLM,media/annonces/pics/56b22eb3bcb50a262ce0520a7074270e.jpg,FCFA
https://www.dakarvente.com/annonce-32013-kymco-200cc.html,Occasion,600000.0,Médina,media/annonces/pics/3517542aebecf688fb9de3ea64f92d88.jpg,FCFA
https://www.dakarvente.com/annonce-32100-mbk-nitro.html,Neuf,350000.0,Golf,media/annonces/pics/672b383c2235e64a75f3d4113d2cfe0b.jpeg,FCFA
https://www.dakarvente.com/annonce-32291-peugeot-rs-4t50cc-injection.html,Neuf,350000.0,Dakar,media/annonces/pics/1dbbcc5c5693a050ae84ce430825f75a.jpeg,FCFA
https://www.dakarvente.com/annonce-32343-piaggio-4-temps.html,"Je veux ma moto piaggio en très bon état, même la rayure sur la devanture a été réparée, une moto de ville qui te permet de ne plus perdre de temps dans les embouteillages et d'économiser de l'argent car elle ne consomme pas, pas de fumé qui sort du peau d'échappement, rien, juste nickel",120000.0,Rufisque,media/annonces/pics/3c8a4833d97c561ff26ed47c17c030ac.jpg,FCFA
https://www.dakarvente.com/annonce-32359-xmax-400.html,Occasion,1200000.0,Dieuppeul,media/annonces/pics/ca5173f541087590430be0b8b6255188.jpeg,FCFA
https://www.dakarvente.com/annonce-32544-f12r-50cc-nouveau-modle.html,Neuf,375000.0,Dakar,media/annonces/pics/3dff3cc9cf59f70a3a6e1c402845265c.jpeg,FCFA
https://www.dakarvente.com/annonce-33106-moto-jakarta.html,Neuf,490000.0,Castors,media/annonces/pics/316278213a6916bee5e044b7bc177efa.jpg,FCFA
https://www.dakarvente.com/annonce-33178-piaggio-fly-nouveau-modle-4t50cc.html,Piaggio,380000.0,Dakar,media/annonces/pics/8941e2921588753662a316aced575acb.jpeg,FCFA
https://www.dakarvente.com/annonce-33321-vespa.html,Neuf,420000.0,Dakar,media/annonces/pics/46b0048d80131b9bd2bec8ac33321ec6.jpeg,FCFA
https://www.dakarvente.com/annonce-33325-sportcity-one-125cc.html,Neuf,550.0,Dakar,media/annonces/pics/ef6202bb4353a2fe5514d966eded5d81.jpeg,FCFA
https://www.dakarvente.com/annonce-33356-yamaha-cygnus-x-125cc-avec-carte-grise.html,"je vends ma cygnus x 125cc en bonne état avec carte grise révision complète avec casque et anti vole offert .

Si vous êtes intéressés ou souhaitez plus d’informations, contactez moi.",550000.0,Médina,media/annonces/pics/7212182458ea5882151205a31b14a49d.jpg,FCFA
https://www.dakarvente.com/annonce-33445-burgman-200ie-freins-abs-venant-papiers-cmc-original.html,Neuf,725000.0,HLM,media/annonces/pics/4993994e40fe21f979e5ca0edbd7b7dd.jpg,FCFA
https://www.dakarvente.com/annonce-33484-honda-sh-2021.html,Honda,2100000.0,assainies,media/annonces/pics/892323a5fdc22f621472f91c7ddd48a4.jpeg,FCFA
https://www.dakarvente.com/annonce-33571-zip-50.html,Neuf,250.0,Dakar,media/annonces/pics/fc197ce43e197f7bb7d33e53cea5c7fc.jpeg,FCFA
https://www.dakarvente.com/annonce-33572-liberty-50.html,Neuf,220000.0,Dakar,media/annonces/pics/b2155fddaa0ef09f6e198cbbddc18e00.jpeg,FCFA
https://www.dakarvente.com/annonce-33573-liberty-4v-nouveau-modle.html,Neuf,1009654.7028301887,Dakar,media/annonces/pics/80f3ec8339832d5fdcaa53498a394511.jpeg,INCONNU!
https://www.dakarvente.com/annonce-33645-kisbee.html,Neuf,350.0,Dakar,media/annonces/pics/9d6ca4891698484588aa59a2a5499f53.jpeg,FCFA
https://www.dakarvente.com/annonce-33650-honda-sh-125i.html,Occasion,375000.0,Malika,media/annonces/pics/4cd30f532134f219f77ec7a0b4eea504.jpg,FCFA
https://www.dakarvente.com/annonce-33774-sym-fiddle2-4t50cc.html,Neuf,350000.0,Dakar,media/annonces/pics/03a1f111d9cb6d8a8698076663235142.jpeg,FCFA
https://www.dakarvente.com/annonce-33775-liberty-s-nouveau-modle.html,Neuf,450000.0,Dakar,media/annonces/pics/2a2c10188915b4c468d1f823527970b9.jpeg,FCFA
https://www.dakarvente.com/annonce-33827-piaggio-free-50cc.html,Neuf,275000.0,Dakar,media/annonces/pics/dadb59d14814de7b1bb97bb9943dd411.jpeg,FCFA
https://www.dakarvente.com/annonce-33882-motos-vendre.html,Neuf,570000.0,Castors,media/annonces/pics/715fb06b08467d06f2b269ca54bc235b.jpg,FCFA
https://www.dakarvente.com/annonce-33902-kymco-agility-fr-4t50cc.html,Neuf,350000.0,Guédiawaye,media/annonces/pics/eb46b983338b0c1fff8f469df58e0de0.jpeg,FCFA
https://www.dakarvente.com/annonce-33903-yamaha-neos4-injection-4t50cc.html,Neuf,380000.0,Dakar,media/annonces/pics/7e86a06364bcc1863ca5aa5cf098e393.jpeg,FCFA
https://www.dakarvente.com/annonce-33933-yamaha-xmax-sport-125ie-injection-venant-papiers-cmc-original.html,Neuf,725000.0,Fass,media/annonces/pics/d32d14bb2334b74d52f9bdcf85687ce6.jpg,FCFA
https://www.dakarvente.com/annonce-34156-vespa-lx-50cc.html,Neuf,450000.0,Dakar,media/annonces/pics/42f155e6e30d05b1364cd5df62a26940.jpeg,FCFA
https://www.dakarvente.com/annonce-34222-scooter-sh-150i-avec-carte-grise-assurance-1-ans-sa-fume-400-000-fcfa.html,"Scooter Sh 150i Avec Carte grise Assurance 1 Ans sa fume

400 000 FCFA",1009654.7028301887,Dakar,media/annonces/pics/1d97bcacef78d5a204611fecc4723e65.jpeg,INCONNU!
https://www.dakarvente.com/annonce-34241-tmax-2019-sx.html,Neuf,2300000.0,Golf,media/annonces/pics/c516c090e974e34ec150b5776ff0f923.jpg,FCFA
https://www.dakarvente.com/annonce-34335-aprillia-sxr-50c-anne-2022.html,Neuf,800000.0,Dakar,media/annonces/pics/f2016e70bad87e92786896b2fbccece6.jpeg,FCFA
https://www.dakarvente.com/annonce-34434-quad-cfmoto-1000.html,Occasion,7800000.0,Mbour,media/annonces/pics/f1e5732ec1bdcb59c06cc2c9a94d2893.jpeg,FCFA
https://www.dakarvente.com/annonce-34519-kisbee-50-black-dition-nouveau-modle-2021.html,Neuf,375000.0,Dakar,media/annonces/pics/b7fa100a3efd0788b4ef71ac3f63332f.jpeg,FCFA
https://www.dakarvente.com/annonce-34539-x8-piaggio-250ie-injection-venant-papiers-cmc-original-dispo-prix850mil.html,Neuf,850000.0,Fass,media/annonces/pics/aceb9ac0ee6bd36383e33ad4d50734df.jpg,FCFA
https://www.dakarvente.com/annonce-34733-scooter-venant-4-temps-125-cc.html,Occasion,250000.0,Guédiawaye,media/annonces/pics/4edcdc1313b1767bee618a18f70805a7.jpg,FCFA
https://www.dakarvente.com/annonce-34734-yamaha-neos4-nouveau-modle-4t50cc.html,Neuf,380000.0,Castors,media/annonces/pics/3a30148da46463edf5fce3f42ecd970e.jpeg,FCFA
https://www.dakarvente.com/annonce-35021-derbi-atlantis-100cc.html,Neuf,375000.0,Dakar,media/annonces/pics/138f21f2d81cfee16f8599f10acc1181.jpeg,FCFA
https://www.dakarvente.com/annonce-35098-yamaha-neos4-4tamps-50cc-injection-nouveau-modle.html,Neuf,365000.0,Dakar,media/annonces/pics/0860fc2303aa6a79efc2e0c7d2b71622.jpeg,FCFA
https://www.dakarvente.com/annonce-35099-piaggio-liberty-50cc.html,Neuf,290000.0,Dakar,media/annonces/pics/4a6a4ff347b762ba83c1ec1284f7a4ef.jpeg,FCFA
https://www.dakarvente.com/annonce-35340-sportcity-derbi-125cc-nouveau-modle.html,Neuf,650000.0,Guédiawaye,media/annonces/pics/44466eef5a02e49ad63b5f8e2458f337.jpeg,FCFA
https://www.dakarvente.com/annonce-35341-piaggio-free-live-50cc.html,Neuf,265000.0,Dakar,media/annonces/pics/c234928c491f65760835a9c552985d50.jpeg,FCFA
https://www.dakarvente.com/annonce-35432-malaguty-f12r-nouveau-modle-50cc.html,Neuf,375000.0,Dakar,media/annonces/pics/9a7f236cffa354d7ca459ca7488fffa0.jpeg,FCFA
https://www.dakarvente.com/annonce-35447-peugeot-kisbee-rs-nouveau-modle-4t50cc.html,Neuf,375000.0,Dakar,media/annonces/pics/e3b0a5a4c0a30e5ff9e89b47595e7573.jpeg,FCFA
https://www.dakarvente.com/annonce-35677-piaggio-fly-125cm3-carburateur-venant-papiers-cmc-original-disponible.html,Neuf,650000.0,Fass,media/annonces/pics/b72401f162b30c8034ca7f7b7f801f1d.jpg,FCFA
https://www.dakarvente.com/annonce-35681-tricycle.html,Neuf,1480000.0,Coeur,media/annonces/pics/dfbb57f337a0e2683d5dc1480462d0c3.png,FCFA
https://www.dakarvente.com/annonce-35789-burgman-150cm3-carburateur-venant-papiers-cmc-original-disponible.html,Neuf,600000.0,Fass,media/annonces/pics/221fefb27c3f1d2fcbd642fe9583b93f.jpg,FCFA
https://www.dakarvente.com/annonce-35795-honda-intgrale.html,Occasion,1800000.0,Dakar,media/annonces/pics/775a47d84f63afca5b9550b405d752e3.jpeg,FCFA
https://www.dakarvente.com/annonce-35909-malaguty-f12r-nouveau-modle-50cc.html,Neuf,365000.0,Dakar,media/annonces/pics/d3261a5785d71a35a7c554245960387e.jpeg,FCFA
https://www.dakarvente.com/annonce-35923-kymco-dink-125cm3-carburateur-venant-papiers-cmc-original.html,Neuf,575000.0,Fass,media/annonces/pics/ce5e141e14a1f3c3c011494a47878c89.jpg,FCFA
https://www.dakarvente.com/annonce-35997-piaggio-zip-80.html,Moto compét 80cc très puissant,180000.0,Foire,media/annonces/pics/a71cb893e4a34c68f1f994b84d2d7088.jpeg,FCFA
https://www.dakarvente.com/annonce-36136-t-max-honda-forza-2019.html,Neuf,1700000.0,Pikine,media/annonces/pics/5331865072e95814c6b8f28c0a831e26.jpeg,FCFA
https://www.dakarvente.com/annonce-36200-liberty-4t50cc.html,Neuf,285000.0,Dakar,media/annonces/pics/758511656122727f7b8b621f24e7d37c.jpeg,FCFA
https://www.dakarvente.com/annonce-36201-liberty-4t50cc.html,Neuf,300000.0,Dakar,media/annonces/pics/9bb7cbf73a7e362a9482a44b43377833.jpeg,FCFA
https://www.dakarvente.com/annonce-36202-liberty-s-nouveau-modle-50cc.html,Neuf,375000.0,Dakar,media/annonces/pics/5ac6f010b51be3a25fc512458ea8d505.jpeg,FCFA
https://www.dakarvente.com/annonce-36408-scooter-suzuki.html,Occasion,300000.0,Rufisque,media/annonces/pics/cfdca3a3126c8698e4c1ef00f746abcb.jpg,FCFA
https://www.dakarvente.com/annonce-36489-burgman-executive-200ie-injection-abs-venant-papiers-cmc-original.html,Neuf,675000.0,Dakar,media/annonces/pics/7bc1da249693fcecd861f0749d0a8122.jpg,FCFA
https://www.dakarvente.com/annonce-36553-jakarta-ktm.html,Neuf,450000.0,HLM,media/annonces/pics/f1a7e0ebfa80a6f8c088119fbdac261c.jpeg,FCFA
https://www.dakarvente.com/annonce-36634-xadw-750-anne-2018.html,Neuf,3000000.0,Dakar,media/annonces/pics/a7062c3ee4bf7e0fc11551bc9401ea89.jpeg,FCFA
https://www.dakarvente.com/annonce-36701-yamaha-aerox-nouveau-modle-50cc.html,Neuf,700000.0,Dakar,media/annonces/pics/42b2ea8275439e61cc4e8d650c089e18.jpeg,FCFA
https://www.dakarvente.com/annonce-36782-moto-cross-dfz.html,Neuf,875000.0,2,media/annonces/pics/f0bba325199b5c8a3ce87737449be9f9.jpeg,FCFA
https://www.dakarvente.com/annonce-36867-av-kawasaki-zr-750.html,Av Kawasaki zr 750,1500000.0,Sud,media/annonces/pics/0196cff51ed38149da146b19c5875991.jpg,FCFA
https://www.dakarvente.com/annonce-36986-piaggio-liberty-50cc.html,Neuf,285000.0,Dakar,media/annonces/pics/3660323a46d1c5efa671f395f484a538.jpeg,FCFA
https://www.dakarvente.com/annonce-36987-piaggio-liberty-50cc.html,Neuf,285000.0,Dakar,media/annonces/pics/1702d4c9e928195d1e571aaccd8161dc.jpeg,FCFA
https://www.dakarvente.com/annonce-37062-piaggio-nrg-mc3-80cc.html,Neuf,365000.0,Dakar,media/annonces/pics/440cea807cec7ef56fe4163e629de31c.jpeg,FCFA
https://www.dakarvente.com/annonce-37063-piaggio-liberty-50cc.html,Neuf,285000.0,Dakar,media/annonces/pics/19d1cd5306fbba2974748d68f0d036aa.jpeg,FCFA
https://www.dakarvente.com/annonce-37158-honda-x-adv-de-2018.html,Neuf,3300000.0,Dakar,media/annonces/pics/dbe07a692b094369411f78896bf62ed7.jpeg,FCFA
https://www.dakarvente.com/annonce-37657-je-vends-une-moto-liberty-200-piaggio.html,La moto est venant piaggio liberty avec un bon prix et s’est papier complèt,45000.0,Médina,media/annonces/pics/f6e6bb8e1560d645c811dbd950fb8222.jpeg,FCFA
https://www.dakarvente.com/annonce-37744-tricycle.html,ESPERANCE,1009654.7028301887,Pikine,media/annonces/pics/aaa5867dfe783e61c17b9a96b03f3edb.jpeg,INCONNU!
https://www.dakarvente.com/annonce-37824-moto-scooter.html,Kymco dink 200i en bonne état,350000.0,Yoff,media/annonces/pics/3e2896ef55afdadf9ca33f576ffb2154.jpg,FCFA
https://www.dakarvente.com/annonce-37929-burgman-200cm3-injection-abs-papiers-cmc-original.html,Neuf,700000.0,Fass,media/annonces/pics/43b35842b6f70322accea772362ae783.jpg,FCFA
https://www.dakarvente.com/annonce-37940-moto-vendre.html,Neuf,2300000.0,Dakar,media/annonces/pics/5ac08ea2d087e51bb52d0888793704c1.jpeg,FCFA
https://www.dakarvente.com/annonce-38006-yamaha-flipper-125cc-injection.html,Neuf,550000.0,Dakar,media/annonces/pics/49b9e553a97da2f4d6b726a7c8c5365b.jpeg,FCFA
https://www.dakarvente.com/annonce-38077-scooter-moto-beverly-250km-h-dakar-senegal.html,Occasion,400000.0,Dakar,media/annonces/pics/07f7ccc2ae3857dbc0d96ef814bef1c4.jpeg,FCFA
https://www.dakarvente.com/annonce-38106-malaguty-f12r-nouveau-modle-50cc.html,Neuf,375000.0,Dakar,media/annonces/pics/f16763cd25c06e505b08947c8ea7560d.jpeg,FCFA
https://www.dakarvente.com/annonce-38270-peugeot-vivacity-100cm3-carburateur-venant-papiers-cmc-disponible.html,Neuf,500000.0,Fass,media/annonces/pics/6c57d496613c0949e67973032c84a7b8.jpg,FCFA
https://www.dakarvente.com/annonce-38271-burgman-200ie-injection-freins-abs-avant-arrire-venant-papiers-cmc-original.html,Neuf,700000.0,Fass,media/annonces/pics/f670499b486cce3f86c42b1625954195.jpg,FCFA
https://www.dakarvente.com/annonce-38314-moto-honda.html,Occasion,500000.0,Mbour,media/annonces/pics/a3b5f023e1bdd9fdeb8860ff20748b0c.jpg,FCFA
https://www.dakarvente.com/annonce-38488-kymco-like-200ie-injection-venant-papiers-cmc-original.html,Neuf,650000.0,Fass,media/annonces/pics/74bbced98ae1a7a6b9eda0a6aa20d6c5.jpg,FCFA
https://www.dakarvente.com/annonce-38543-scooter-lifan.html,Neuf,1750000.0,Derklé,media/annonces/pics/2016660847b25e3a810a7173d39adeed.jpeg,FCFA
https://www.dakarvente.com/annonce-38600-huojun.html,Neuf,280000.0,Dakar,media/annonces/pics/d4b79ea1ae1b80210a744b440972e35e.jpeg,FCFA
https://www.dakarvente.com/annonce-38885-vente-flash-vespa-lx-gts250ie.html,Je vends une vespa LX Gts250ie avec carte à grise numérique,600000.0,HLM,media/annonces/pics/1e5b79300269a07005c9f00c2142e51f.png,FCFA
https://www.dakarvente.com/annonce-38910-piaggio-tayphon-nouveau-modle-125cc-turbo.html,Neuf,1.0,Dakar,media/annonces/pics/b243c3e4a29ad3e0ba1df7575ced7f45.jpeg,FCFA
https://www.dakarvente.com/annonce-38926-honda-crf-1000l-africa-twin-2018-en-boite-automatique-dct.html,Occasion,3800000.0,Dakar,media/annonces/pics/d5e10485c0907a407552f42d9611d063.jpeg,FCFA
https://www.dakarvente.com/annonce-38971-symphony-4t50cc.html,Neuf,365000.0,Dakar,media/annonces/pics/edad8228984acda2c9adc594de59d7ad.jpeg,FCFA
https://www.dakarvente.com/annonce-38980-moto-kymco-grand-dink-250.html,Kymco Grand Dink 250,350000.0,Guédiawaye,media/annonces/pics/1a7e0fe1cc0120338b4413d68774cd22.jpg,FCFA
https://www.dakarvente.com/annonce-39000-kymco-agility-125cc.html,Occasion,160000.0,Mbao,media/annonces/pics/7491eb17e12ccaeda25aeb52e1031869.jpeg,FCFA
https://www.dakarvente.com/annonce-39008-piaggio-skipper-st-125cm3-carburateur-venant-papiers.html,Neuf,650000.0,Fass,media/annonces/pics/d2c0ed866b6cf5f6564c2eaaeb11674b.jpg,FCFA
https://www.dakarvente.com/annonce-39012-honda-sh-125.html,Occasion,250000.0,Mbao,media/annonces/pics/c0c0aa72702272298fd52dfff812c0b1.jpeg,FCFA
https://www.dakarvente.com/annonce-39069-x9-500-injection-avec-carte-grise-vendre-en-bon-tat.html,Prix fixe,550000.0,Thiès,media/annonces/pics/e54ea95333c3403284af41ec3ae7d321.jpg,FCFA
https://www.dakarvente.com/annonce-39076-moto-tricycle-a-vendre-au-senegal.html,"Chers clients, nous vous proposons des MOTOS TRICYCLE très efficace et tout neuf avec sa carte grise.

•-TRICYCLE 175 CC à 1.480.000 CFA

•-TRICYCLE 150CC  à 1.580.000 CFA

•-TRICYCLE 200 CC  à 1.700.000 CFA

•-TRICYCLE 300 CC  à 2.200.000 CFA

PRODUIT GARANTIE

LIVRAISON PARTOUT A DAKAR",1480000.0,Dakar,media/annonces/pics/dff282f909a456259ef8cda00badb265.jpg,FCFA
https://www.dakarvente.com/annonce-39109-moto-yamaha.html,Occasion,500000.0,Dakar,media/annonces/pics/b2caad398a1ded49eea62e4aaf52efab.jpeg,FCFA
https://www.dakarvente.com/annonce-39208-sym-orbit2-nouveau-modle-4t50cc.html,Neuf,365000.0,Dakar,media/annonces/pics/1d5bac3e4f12df67bef493cfa6a9ae39.jpeg,FCFA
https://www.dakarvente.com/annonce-39209-kymco-pipole-50cc.html,Neuf,350000.0,Dakar,media/annonces/pics/bfcb3a6cd0f60ef92a87035c7953af6b.jpeg,FCFA
https://www.dakarvente.com/annonce-39215-kymco-dink-125cm3-carburateur-venant-papiers-cmc-original.html,Neuf,675000.0,Fass,media/annonces/pics/c55fef8c47c3c12837a36f19151ea563.jpg,FCFA
https://www.dakarvente.com/annonce-39366-moto-tricycle-a-vendre-au-senegal.html,"•	-TRICYCLE 175 CC à 1.480.000 CFA

•	-TRICYCLE 150CC  à 1.580.000 CFA

•	-TRICYCLE 200 CC  à 1.700.000 CFA

•	-TRICYCLE 300 CC  à 2.200.000 CFA



PRODUIT GARANTIE

LIVRAISON PARTOUT A DAKAR",1480000.0,Coeur,media/annonces/pics/3405fd42fd1f4994c7d6e83d6170fd5f.jpg,FCFA
https://www.dakarvente.com/annonce-39638-kymco-agility-125cm3-carburateur-venant-papiers-cmc-disponible.html,Neuf,525000.0,Fass,media/annonces/pics/dba8c39c5e50d2a1f0f770a776048fa5.jpg,FCFA
https://www.dakarvente.com/annonce-39751-tmax.html,Occasion,2800000.0,Maristes,img/nophoto.png,FCFA
https://www.dakarvente.com/annonce-39844-xmax-250ie-abs-modle-2012-venant-papiers-cmc-original-disponibles.html,Neuf,1200000.0,Fass,media/annonces/pics/8a0937f4bc7650f6e76421a645ff9cee.jpg,FCFA
https://www.dakarvente.com/annonce-40032-yamaha-tmax-2018.html,Neuf,3000000.0,Almadies,media/annonces/pics/23d6693d43738197ec67bf62e5ce8715.jpeg,FCFA
https://www.dakarvente.com/annonce-40057-kymco-dink-125cm3-carburateur-venant-papiers-cmc-original.html,Neuf,625000.0,Amitié,media/annonces/pics/fa68dfe60bc82eb518369f475fa10e4a.jpg,FCFA
https://www.dakarvente.com/annonce-40117-yamaha-nmax-125ie-abs-modle-2015-20-venant-papiers-cmc-original-disponible.html,Neuf,1150000.0,Fass,media/annonces/pics/071eeef305511b34b92193b7fef5434d.jpg,FCFA
https://www.dakarvente.com/annonce-40118-honda-vision-110ie-injection-venant-papiers-cmc-original.html,Neuf,675000.0,Fass,media/annonces/pics/a4a2a8ab223167475fa5372270fde7d2.jpg,FCFA
https://www.dakarvente.com/annonce-40128-yamaha-xcity-250i-venant.html,Neuf,1000000.0,d'Oie,media/annonces/pics/6c26e20b477818bad03b0aaeeb7a05b1.jpg,FCFA
https://www.dakarvente.com/annonce-40135-honda-africain-twin-1000l-anne-2016.html,Neuf,4000000.0,Dakar,media/annonces/pics/960993add5a0ea5e955ec9a5044b8df3.jpeg,FCFA
https://www.dakarvente.com/annonce-40347-moto-scooter-a-vendre.html,Moto scooter X max 250 a vendre moins cher avec tous les papiers original contacter moi sur 778307040.,450000.0,Ouakam,img/nophoto.png,FCFA
https://www.dakarvente.com/annonce-40352-moto.html,Moto kymco agéliti problème pistons cylindres a changé à part çà tout impec wanter sokhla khaliss motakh,180000.0,assainies,img/nophoto.png,FCFA
https://www.dakarvente.com/annonce-40370-kymco-people-s-200ie-injection-venant-papiers-cmc-original.html,INCONNU!,1009654.7028301887,Non défini!,,INCONNU!
https://www.dakarvente.com/annonce-40371-peugeot-satelis-rs-550ie-abs-modle-2014-venant-papiers-cmc.html,Neuf,950000.0,Fass,media/annonces/pics/c85be6e7df15a7af6b27035ba7e2bc6c.jpg,FCFA
https://www.dakarvente.com/annonce-40635-liberty-2t-50cm3-en-bon-tat.html,Occasion,199000.0,Bel-Air,media/annonces/pics/b15ef091b7076cd587a5df2ab28a6c23.jpg,FCFA
https://www.dakarvente.com/annonce-40656-moto-kymko-people-150.html,Kymko people 150 année 2004 prix négociable en cas de besoin contacter nous,500000.0,Bambey,media/annonces/pics/6f0b1570438e7189db555410eab1a9a3.jpeg,FCFA
https://www.dakarvente.com/annonce-40706-tricycles-agananma-en-promotion.html,"1.480.000 FCFA sans carte grise

          1.580.000 FCFA avec carte grise



LIVRAISON PARTOUT A DAKAR",1425000.0,Dakar,media/annonces/pics/b592249aa3b54e610a54ed0671000abe.jpg,FCFA
https://www.dakarvente.com/annonce-41092-scooter-racing-aprilia.html,Occasion,200000.0,Dakar,media/annonces/pics/4e1de60280bb451cf898cae21fb6f2b9.jpeg,FCFA
https://www.dakarvente.com/annonce-41222-moto-cross-yamaha-yz-125cc-2temps-2016.html,Occasion,1600000.0,Ngaparou,img/nophoto.png,FCFA
https://www.dakarvente.com/annonce-41620-moto-en-excellent-tat-performances-exceptionnelles-prix-attractif.html,"Une moto en excellent état, prête à vous offrir une expérience de conduite inoubliable. Un mélange parfait de puissance, de style et de fiabilité.

Cette moto a été entretenue avec le plus grand soin, n'a jamais été accidentée et fonctionne parfaitement. Elle offre des performances exceptionnelles sur route tout en offrant un confort de conduite inégalé.",1009654.7028301887,Dakar,media/annonces/pics/b02d3c7b77dfb536f786bf75b751334d.jpeg,INCONNU!
https://www.dakarvente.com/annonce-41706-kymco-agility-150.html,Occasion,370000.0,Cambérène,media/annonces/pics/f3f0a4518319567bbd2e5dc617ab81f1.jpeg,FCFA
https://www.dakarvente.com/annonce-41707-honda-150cc.html,Occasion,400000.0,Cambérène,media/annonces/pics/e31b79d9c7a2a026cb82196636167c59.jpeg,FCFA
https://www.dakarvente.com/annonce-41754-vends-honda-dominator-650.html,Occasion,650000.0,Somone,media/annonces/pics/dcfdb70e7ff3bdfa9e0d58ef67e250b8.jpg,FCFA
https://www.dakarvente.com/annonce-41980-scooter-t-max-560-tech.html,Neuf,9500000.0,Golf,media/annonces/pics/633a4d15b847f722113df2357d88d51e.jpeg,FCFA
https://www.dakarvente.com/annonce-42057-tricycles-en-promotion.html,"1.480.000 FCFA sans carte grise

          1.580.000 FCFA avec carte grise

--------------------------------------------------------------------------

PRODUIT GARANTIE

LIVRAISON PARTOUT A DAKAR",1580000.0,Dakar,media/annonces/pics/505d3adf4ceb62575ddfe8ee36352d02.jpg,FCFA
https://www.dakarvente.com/annonce-42545-camplate-2-466-110-125-and-camplate-2-466-110-015.html,Neuf,120.0,Fann,media/annonces/pics/c32863cffb231001c666a4d30131f710.jpg,FCFA
https://www.dakarvente.com/annonce-42849-moto-tricycle-hasilaza-a-vendre.html,INCONNU!,1009654.7028301887,Non défini!,,INCONNU!
https://www.dakarvente.com/annonce-42999-moto-lectrique-2-places.html,Neuf,400000.0,Fass,media/annonces/pics/da022ef68aaef0b9b016dac59a058240.jpeg,FCFA
https://www.dakarvente.com/annonce-43137-moto-electrique.html,Neuf,400000.0,Dakar,media/annonces/pics/e073fa9cb9b7fd5e3247c47711afdbee.jpeg,FCFA
https://www.dakarvente.com/annonce-43668-honda-sh-nouveau.html,Neuf,500.0,Dakar,media/annonces/pics/706d9e365c9ec8826a7d38630b11480c.jpeg,FCFA
https://www.dakarvente.com/annonce-43819-moto-electrique.html,Neuf,375000.0,Dakar,media/annonces/pics/05904cb0c09a17993bbb54a68b02c7c5.jpeg,FCFA
https://www.dakarvente.com/annonce-43853-honda-sh.html,Neuf,450000.0,2,media/annonces/pics/a4a143a0b4c9654e5eb76926f1e8e16e.jpeg,FCFA
https://www.dakarvente.com/annonce-43854-honda-sh.html,Neuf,350000.0,Dakar,media/annonces/pics/45c376a51dd318b0d62a4b10178ca87d.jpeg,FCFA
https://www.dakarvente.com/annonce-43855-honda-sh-nouveau.html,Neuf,460000.0,Dakar,media/annonces/pics/fecf75a39729fa42e0c716b4f69ecd11.jpeg,FCFA
https://www.dakarvente.com/annonce-43856-liberty.html,Neuf,350.0,Dakar,media/annonces/pics/af9d226f014260861a24447ee5dc9f10.jpeg,FCFA
https://www.dakarvente.com/annonce-43857-honda-sh.html,Neuf,320.0,Dakar,media/annonces/pics/52b9ed01e44f7ab2596f8deef52a0a15.jpeg,FCFA
https://www.dakarvente.com/annonce-43942-honda-forza-750cc-2023.html,Occasion,3900000.0,liberté,media/annonces/pics/0e13f8738aadcc0ed9a93d8d9aa2e768.jpg,FCFA
https://www.dakarvente.com/annonce-43950-bmw-ninet-scranbler-1200cc-2023.html,Occasion,5900000.0,liberté,media/annonces/pics/2680775d7ff134e006412c61599b5413.jpg,FCFA
https://www.dakarvente.com/annonce-43953-bmw-gs-1250cc-hp-2020.html,Occasion,5900000.0,liberté,media/annonces/pics/8cf8ebf492a00cf665a180e45d64ab20.jpg,FCFA
https://www.dakarvente.com/annonce-43965-bmw-ninet-1200cc-2023.html,Occasion,5900000.0,liberté,media/annonces/pics/b529ec7bb688172c8bc97f6aa04a2bcf.jpg,FCFA
https://www.dakarvente.com/annonce-43966-bmw-gs-310cc-2021.html,INCONNU!,1009654.7028301887,Non défini!,,INCONNU!
https://www.dakarvente.com/annonce-44173-moto-haojue-2020-vendre.html,"Moto haojue 2020 carte grise perdue frein à main cassé mais pedale fonctionne 

230mil

774727270",230000.0,Dakar,media/annonces/pics/2029b634b2c63f0481f4d7ecc8bd6a43.jpeg,FCFA
https://www.dakarvente.com/annonce-44623-moto-electrique-enfant.html,Neuf,70000.0,Dakar,media/annonces/pics/eafc19b78685587818a7a2227f7af5a1.jpeg,FCFA
https://www.dakarvente.com/annonce-44722-bmw-gs-1250cc-triple-black-2022.html,Occasion,5500000.0,liberté,media/annonces/pics/df5cbce1b5110b2781b4b3af267491f6.jpg,FCFA
https://www.dakarvente.com/annonce-44725-bmw-f850-gs-2020.html,Neuf,3500000.0,liberté,media/annonces/pics/4508f1a35424011f2c31c71b9b66375d.jpg,FCFA
https://www.dakarvente.com/annonce-44782-ducati-scranbler-800cc-2017.html,Occasion,2500000.0,liberté,media/annonces/pics/56c39e302477b687eb73a762989db74b.jpg,FCFA
https://www.dakarvente.com/annonce-44797-liberty.html,Neuf,330.0,Dakar,media/annonces/pics/e719f2afc0482a93175c88e7d7ac41d8.jpeg,FCFA
https://www.dakarvente.com/annonce-44798-honda-ps.html,Neuf,600.0,Amitié,media/annonces/pics/360bc517d0aa8f74e73e4c94dd94b8a3.jpeg,FCFA
https://www.dakarvente.com/annonce-44799-beverly-tourer.html,Neuf,900.0,Biscuiterie,media/annonces/pics/c2cfa503e17ae0e9599fde1999ba954f.jpeg,FCFA
https://www.dakarvente.com/annonce-44800-honda-pcx.html,Neuf,700.0,Tally,media/annonces/pics/e026a601a33bd5fb26fa01b245d1b1ec.jpeg,FCFA
https://www.dakarvente.com/annonce-44801-honda-sh-injection.html,Neuf,550.0,Biscuiterie,media/annonces/pics/6ff6d08aa103798e469cc865f38e99e0.jpeg,FCFA
https://www.dakarvente.com/annonce-44803-typhoon-energy.html,Neuf,220.0,Castors,,FCFA
https://www.dakarvente.com/annonce-44819-moto-tvs.html,Neuf,490000.0,Rufisque,media/annonces/pics/6af94b3b6676e90b601d6b591f7992fb.jpg,FCFA
https://www.dakarvente.com/annonce-45037-jakarta-ktm.html,Neuf,420000.0,Dakar,,FCFA
https://www.dakarvente.com/annonce-45138-beverly-250cm3-carburateur-venant-cmc-original-dispo.html,Occasion,700000.0,Fass,media/annonces/pics/c90855b36782f27852d01ea0e356242b.jpg,FCFA
https://www.dakarvente.com/annonce-45139-kymco-dink-200ie-venant-papiers-cmc-original.html,Neuf,600000.0,Fass,media/annonces/pics/d2198bcf6e38a967dce2229a58b7987e.jpg,FCFA
https://www.dakarvente.com/annonce-45141-liberty-s-125cm3-carburateur-venant-papiers-cmc.html,Neuf,550000.0,Fass,media/annonces/pics/52e145cf912c441308e49384e9b7851b.jpg,FCFA
https://www.dakarvente.com/annonce-45437-honda-forza-300.html,Neuf,2000000.0,Almadies,media/annonces/pics/b8bc0c31ed4dcfcb3796c60746bd1ff5.jpg,FCFA
https://www.dakarvente.com/annonce-45494-moto-djakarta-lifan.html,Neuf,575000.0,Dakar,media/annonces/pics/88a617b9ec62204675163e90f4d129ec.jpeg,FCFA
https://www.dakarvente.com/annonce-45503-beverly-200cm3-carburateur-venant-papiers-cmc-original-dispo.html,Neuf,700000.0,Fass,media/annonces/pics/6b9023e52efafa785c6dc9b0710b165b.jpg,FCFA
https://www.dakarvente.com/annonce-45584-scooter-sym-orbit-1.html,Neuf,350000.0,Dakar,media/annonces/pics/1887742b97d58fbbd0d1ba2fa4243320.jpeg,FCFA
https://www.dakarvente.com/annonce-45768-moto-bmw-g5-anne-2019.html,Neuf,3200000.0,Fann,media/annonces/pics/c393e0bf7bcc23bf72b47a2ed32b2085.jpg,FCFA
https://www.dakarvente.com/annonce-45840-tmax-anne-2012.html,Neuf,2100000.0,Fass,media/annonces/pics/b97ceed0dec792524a3b3572c8093590.jpg,FCFA
https://www.dakarvente.com/annonce-45958-tnr-700-limited-anne-2023.html,Neuf,4800000.0,Dakar,media/annonces/pics/4f58b48aa8cc62eda77e564cf423e7ad.jpg,FCFA
https://www.dakarvente.com/annonce-46072-x8-piaggio-200vm3-carburateur-moteur-venant-cmc-dispo.html,Neuf,700000.0,Fass,media/annonces/pics/54ff832099010c2e181d2cd92441632c.jpg,FCFA
https://www.dakarvente.com/annonce-46166-vente.html,Occasion,3500000.0,Coeur,media/annonces/pics/0d7a31e6549f4a1f7d6ea0d9c9d809a8.jpeg,FCFA
https://www.dakarvente.com/annonce-46466-moto-xmax-papiers-complet.html,Occasion,1000000.0,Fass,media/annonces/pics/d680a148481fb9dbec23aeed21e1b13c.jpg,FCFA
https://www.dakarvente.com/annonce-46722-aprilia-mojito-custom.html,Occasion,300000.0,Plateau,img/nophoto.png,FCFA
https://www.dakarvente.com/annonce-46979-bmw-gs-1200cc-adventur-rallye-2019.html,Occasion,4900000.0,Dieuppeul,media/annonces/pics/3983485a5286786bb4c4d89f80e09aa0.jpg,FCFA
https://www.dakarvente.com/annonce-46980-bmw-r1200-ninet-2023.html,Occasion,4900000.0,Dieuppeul,media/annonces/pics/ddccec258b49a781a559f8940aaa6bec.jpg,FCFA
https://www.dakarvente.com/annonce-46981-ducati-desertx-937cm3-2024.html,Occasion,7900000.0,Dieuppeul,media/annonces/pics/8daa278e6a59723f6f716a298a459b66.jpg,FCFA
https://www.dakarvente.com/annonce-46982-bmw-gs-1250cc-trophes-2023.html,Occasion,6900000.0,Dieuppeul,media/annonces/pics/c651f737c502f434bffbe10148a022a7.jpg,FCFA
https://www.dakarvente.com/annonce-47089-gants-motos-et-velos-protection-maximale.html,Neuf,5000.0,Dakar,media/annonces/pics/001598f16f01c45a287733b06e49f1d2.jpeg,FCFA
https://www.dakarvente.com/annonce-47188-scooter-lifan-125.html,Neuf,1.0,Tally,media/annonces/pics/77712bd7909469e633e36dcf8bc66172.jpeg,FCFA
https://www.dakarvente.com/annonce-47222-moto-tricycle-250cc.html,Neuf,1.0,Tally,media/annonces/pics/d9f4d287d358a5040281b18ec92f05b3.jpg,FCFA
https://www.dakarvente.com/annonce-47237-moto-tvs.html,Occasion,430000.0,Rufisque,media/annonces/pics/a09e5da848add8f6d8a5336e8f13476a.jpg,FCFA
https://www.dakarvente.com/annonce-47806-scooter-sym.html,Occasion,300000.0,Thiaroye,media/annonces/pics/c0921c2c0241bb2a88f8ac84443dfb88.jpeg,FCFA
https://www.dakarvente.com/annonce-47968-yamaha-xc-300.html,Occasion,450000.0,Plateau,media/annonces/pics/edf97139b4f3f07d1f1d66ca2e8ee541.jpeg,FCFA
https://www.dakarvente.com/annonce-48469-a-vendre-sym-fiddle-2-125-en-tres-bon-etat.html,Occasion,325000.0,Massar,media/annonces/pics/ae6af3dc0288e0aceb4d1e6ef46449db.jpg,FCFA
https://www.dakarvente.com/annonce-48485-vente-de-motos-02-roues-a-bon-prix-01-arrivage-moto-2.html,Neuf,650000.0,Dakar,media/annonces/pics/0b8c1a13baa3ca9b1577c48b71651f29.jpg,FCFA
https://www.dakarvente.com/annonce-48529-honda-cb500f-2014.html,Occasion,1150000.0,Plateau,media/annonces/pics/72caa02a501aa2131d11b9d5e6016aa1.jpg,FCFA
https://www.dakarvente.com/annonce-49227-vente-de-motos-02-roues-a-bon-prix-01.html,Neuf,475000.0,Coeur,media/annonces/pics/1c4e8265a8d588d10fbf11bbc95691cc.jpeg,FCFA
https://www.dakarvente.com/annonce-50163-moto-tricycle-5-roues.html,Neuf,1850000.0,Massar,media/annonces/pics/a9644273f1d179ba72bf8462f03788a8.jpeg,FCFA
https://www.dakarvente.com/annonce-50164-ktm-jakarta.html,Neuf,420000.0,Massar,media/annonces/pics/e1fc3f7e26551e1edf72f3bc538cad7f.jpeg,FCFA
https://www.dakarvente.com/annonce-50234-moto-electrique-tres-econome.html,Occasion,600000.0,Mermoz,media/annonces/pics/5a37bc8fcd83eb990f842611b357d5ea.png,FCFA
https://www.dakarvente.com/annonce-50271-moto-tvs.html,Neuf,650000.0,Massar,media/annonces/pics/9fca9beff6cfacd2feed07f4b4d1d1c0.jpg,FCFA
https://www.dakarvente.com/annonce-50429-des-moto-tricycles-a-vendre-de-marque-aganama.html,Neuf,1.0,Coeur,media/annonces/pics/56ed97b7f28a1c8a08d1abaec7fdcc45.jpg,FCFA
